14,CL,ABADIA SANTA ANA,1,5,CENTRO HISTORICO,1,CENTRO
14,CL,ABADIA SANTA ANA,2,4,CENTRO HISTORICO,1,CENTRO
252,CL,ACEITUNAS LAS,1,13,SIERRA BLANQUILLA,1,CENTRO
252,CL,ACEITUNAS LAS,2,6,SIERRA BLANQUILLA,1,CENTRO
336,CL,ACTRIZ ROSARIO PINO,2,44,SEGALERVA,1,CENTRO
392,CL,ADELA QUIGUISOLA,1,11,LA TRINIDAD,1,CENTRO
392,CL,ADELA QUIGUISOLA,2,14,LA TRINIDAD,1,CENTRO
504,PL,ADUANA,1,3,CENTRO HISTORICO,1,CENTRO
504,PL,ADUANA,2,4,CENTRO HISTORICO,1,CENTRO
560,CL,AFLIGIDOS,1,5,CENTRO HISTORICO,1,CENTRO
560,CL,AFLIGIDOS,2,2,CENTRO HISTORICO,1,CENTRO
680,CL,AGUA,1,23,LA VICTORIA,1,CENTRO
680,CL,AGUA,2,26,LA VICTORIA,1,CENTRO
26964,CL,AGUSTIN MORETO,1,15,LA VICTORIA,1,CENTRO
26964,CL,AGUSTIN MORETO,2,18,LA VICTORIA,1,CENTRO
868,CL,AGUSTIN PAREJO,1,47,PERCHEL NORTE,1,CENTRO
868,CL,AGUSTIN PAREJO,2,24,PERCHEL NORTE,1,CENTRO
980,CL,ALAMOS,1,47,LA MERCED,1,CENTRO
980,CL,ALAMOS,2,42,CENTRO HISTORICO,1,CENTRO
1008,CL,ALARCON,1,7,EL MOLINILLO,1,CENTRO
1008,CL,ALARCON,2,8,EL MOLINILLO,1,CENTRO
1036,CL,ALARCON LUJAN,1,15,CENTRO HISTORICO,1,CENTRO
1036,CL,ALARCON LUJAN,2,12,CENTRO HISTORICO,1,CENTRO
1204,CL,ALBENIZ,1,23,SEGALERVA,1,CENTRO
1204,CL,ALBENIZ,2,26,SEGALERVA,1,CENTRO
1204,CL,ALBENIZ,28,40,SAN MIGUEL,1,CENTRO
1250,GTA,ALBERT CAMUS,1,1,PERCHEL SUR,1,CENTRO
1250,GTA,ALBERT CAMUS,2,2,PERCHEL SUR,1,CENTRO
1316,CL,ALCAIDE DE LOS DONCELES,1,23,SAN MIGUEL,1,CENTRO
1316,CL,ALCAIDE DE LOS DONCELES,2,14,SAN MIGUEL,1,CENTRO
65072,CL,ALCALDE BAEZA MEDINA,1,9,SEGALERVA,1,CENTRO
65072,CL,ALCALDE BAEZA MEDINA,2,6,SEGALERVA,1,CENTRO
35686,CL,ALCALDE PEDRO LUIS ALONSO,1,1,ENSANCHE CENTRO,1,CENTRO
35686,CL,ALCALDE PEDRO LUIS ALONSO,2,2,ENSANCHE CENTRO,1,CENTRO
82665,JDIN,ALCALDE PEDRO LUIS ALONSO,1,1,ENSANCHE CENTRO,1,CENTRO
82665,JDIN,ALCALDE PEDRO LUIS ALONSO,2,2,ENSANCHE CENTRO,1,CENTRO
2212,CL,ALCANTARA,1,3,CENTRO HISTORICO,1,CENTRO
2212,CL,ALCANTARA,2,2,CENTRO HISTORICO,1,CENTRO
2268,CL,ALCAZABILLA,1,15,CENTRO HISTORICO,1,CENTRO
2268,CL,ALCAZABILLA,2,14,CENTRO HISTORICO,1,CENTRO
2296,CL,ALDERETE,1,43,EL MOLINILLO,1,CENTRO
2296,CL,ALDERETE,2,44,EL MOLINILLO,1,CENTRO
2408,CL,ALEMANIA,1,23,ENSANCHE CENTRO,1,CENTRO
2408,CL,ALEMANIA,2,16,ENSANCHE CENTRO,1,CENTRO
19524,CL,ALFONSO REYES,1,5,PLAZA DE TOROS VIEJA,1,CENTRO
19524,CL,ALFONSO REYES,2,8,PLAZA DE TOROS VIEJA,1,CENTRO
2884,PL,ALFONSO XII,1,5,CRISTO DE LA EPIDEMIA,1,CENTRO
2884,PL,ALFONSO XII,2,6,CRISTO DE LA EPIDEMIA,1,CENTRO
3136,CL,ALHONDIGA,1,5,CENTRO HISTORICO,1,CENTRO
3136,CL,ALHONDIGA,2,6,CENTRO HISTORICO,1,CENTRO
3220,CL,ALMACENES,1,5,CENTRO HISTORICO,1,CENTRO
3220,CL,ALMACENES,2,2,CENTRO HISTORICO,1,CENTRO
3304,CL,ALMAGRO,1,1,BARCENILLAS,1,CENTRO
3304,CL,ALMAGRO,2,2,BARCENILLAS,1,CENTRO
3360,CL,ALMANSA,1,11,PERCHEL NORTE,1,CENTRO
3360,CL,ALMANSA,2,16,PERCHEL NORTE,1,CENTRO
3528,CMNO,ALMENDRALES DE LOS,1,13,PINARES DE OLLETAS,1,CENTRO
3528,CMNO,ALMENDRALES DE LOS,15,47,LOS ANTONIOS,1,CENTRO
3528,CMNO,ALMENDRALES DE LOS,49,113,SIERRA BLANQUILLA,1,CENTRO
3528,CMNO,ALMENDRALES DE LOS,2,2,OLLETAS,1,CENTRO
3528,CMNO,ALMENDRALES DE LOS,4,8,SEMINARIO,1,CENTRO
3542,PJE,ALMENDRALES DE LOS,1,19,SEMINARIO,1,CENTRO
3542,PJE,ALMENDRALES DE LOS,2,6,SEMINARIO,1,CENTRO
3752,CL,ALMONA,1,11,EL MOLINILLO,1,CENTRO
3752,CL,ALMONA,2,14,EL MOLINILLO,1,CENTRO
3808,CL,ALONSO BENITEZ,1,17,LAGUNILLAS,1,CENTRO
3808,CL,ALONSO BENITEZ,2,14,LAGUNILLAS,1,CENTRO
3836,CL,ALONSO CANO,1,15,LA TRINIDAD,1,CENTRO
3836,CL,ALONSO CANO,2,4,LA TRINIDAD,1,CENTRO
4004,CL,ALONSO DE PALENCIA,2,34,MARMOLES,1,CENTRO
4256,CL,ALTA,1,51,SAN FELIPE NERI,1,CENTRO
4256,CL,ALTA,2,46,SAN FELIPE NERI,1,CENTRO
4452,CL,ALTOZANO,1,17,EL EJIDO,1,CENTRO
4452,CL,ALTOZANO,2,36,LAGUNILLAS,1,CENTRO
4480,CL,ALVAREZ,1,15,LA GOLETA,1,CENTRO
4480,CL,ALVAREZ,2,24,LA GOLETA,1,CENTRO
4536,CL,ALVARO DE BAZAN,1,9,PERCHEL NORTE,1,CENTRO
4536,CL,ALVARO DE BAZAN,2,8,PERCHEL NORTE,1,CENTRO
4648,CL,AMARGURA,1,39,CRISTO DE LA EPIDEMIA,1,CENTRO
4648,CL,AMARGURA,2,66,CONDE DE URE�A,1,CENTRO
4732,CL,AMORES,1,13,SAN MIGUEL,1,CENTRO
4732,CL,AMORES,2,18,SAN MIGUEL,1,CENTRO
4760,CL,ANA BERNAL,1,3,LA VICTORIA,1,CENTRO
4760,CL,ANA BERNAL,2,6,LA VICTORIA,1,CENTRO
4816,CL,ANCHA DEL CARMEN,1,61,PERCHEL SUR,1,CENTRO
4816,CL,ANCHA DEL CARMEN,2,48,PERCHEL SUR,1,CENTRO
4774,CL,ANCLA,1,1,CENTRO HISTORICO,1,CENTRO
4774,CL,ANCLA,2,2,CENTRO HISTORICO,1,CENTRO
30891,AV,ANDALUCIA,1,7,PERCHEL SUR,1,CENTRO
30891,AV,ANDALUCIA,2,6,PERCHEL NORTE,1,CENTRO
4984,CL,ANDRES MERIDA,1,1,CAMPOS ELISEOS,1,CENTRO
4984,CL,ANDRES MERIDA,2,4,CAMPOS ELISEOS,1,CENTRO
5012,CL,ANDRES PEREZ,1,19,CENTRO HISTORICO,1,CENTRO
5012,CL,ANDRES PEREZ,2,24,CENTRO HISTORICO,1,CENTRO
5061,CL,ANFORA,1,5,SANTA AMALIA,1,CENTRO
5061,CL,ANFORA,2,8,SANTA AMALIA,1,CENTRO
5068,CL,ANGEL,1,3,CENTRO HISTORICO,1,CENTRO
5068,CL,ANGEL,2,4,CENTRO HISTORICO,1,CENTRO
5124,CL,ANGEL GANIVET,1,1,CENTRO HISTORICO,1,CENTRO
5124,CL,ANGEL GANIVET,2,2,CENTRO HISTORICO,1,CENTRO
5208,CL,ANGOSTA DEL CARMEN,1,29,PERCHEL SUR,1,CENTRO
5208,CL,ANGOSTA DEL CARMEN,2,16,PERCHEL SUR,1,CENTRO
5432,CL,ANTONIO BAENA GOMEZ,1,3,CENTRO HISTORICO,1,CENTRO
5432,CL,ANTONIO BAENA GOMEZ,2,2,CENTRO HISTORICO,1,CENTRO
38226,CL,ANTONIO JOSE CAPPA,1,5,EL EJIDO,1,CENTRO
38226,CL,ANTONIO JOSE CAPPA,2,4,EL EJIDO,1,CENTRO
5617,CL,ANTONIO LINARES PEZZI,1,19,SAN MIGUEL,1,CENTRO
5617,CL,ANTONIO LINARES PEZZI,2,2,SAN MIGUEL,1,CENTRO
5630,PSO,ANTONIO MACHADO,2,16,PLAZA DE TOROS VIEJA,1,CENTRO
5950,CL,APAMARES,1,65,MONTE SANCHA,1,CENTRO
5950,CL,APAMARES,2,36,MONTE SANCHA,1,CENTRO
6076,CL,ARAGONCILLO,1,1,CAMPOS ELISEOS,1,CENTRO
6076,CL,ARAGONCILLO,2,2,CAMPOS ELISEOS,1,CENTRO
6216,CL,ARAPILES,1,7,EL EJIDO,1,CENTRO
6216,CL,ARAPILES,2,4,EL EJIDO,1,CENTRO
6384,CL,ARCO,1,3,PERCHEL SUR,1,CENTRO
6384,CL,ARCO,2,6,PERCHEL SUR,1,CENTRO
6412,CL,ARCO DE LA CABEZA,1,17,CENTRO HISTORICO,1,CENTRO
6412,CL,ARCO DE LA CABEZA,2,8,CENTRO HISTORICO,1,CENTRO
6524,CL,ARENAL,1,25,LA MALAGUETA,1,CENTRO
6524,CL,ARENAL,2,14,LA MALAGUETA,1,CENTRO
6636,CL,ARGUELLES,1,7,EL EJIDO,1,CENTRO
6636,CL,ARGUELLES,2,10,EL EJIDO,1,CENTRO
6720,CL,ARMELINA,1,41,SIERRA BLANQUILLA,1,CENTRO
6720,CL,ARMELINA,2,32,SIERRA BLANQUILLA,1,CENTRO
6748,CL,ARMENGUAL DE LA MOTA,5,43,MARMOLES,1,CENTRO
6748,CL,ARMENGUAL DE LA MOTA,2,38,PERCHEL NORTE,1,CENTRO
6832,CL,ARQUITECTO BLANCO SOLER,1,3,CENTRO HISTORICO,1,CENTRO
6832,CL,ARQUITECTO BLANCO SOLER,2,6,CENTRO HISTORICO,1,CENTRO
12600,CL,ARQUITECTO GONZALEZ EDO,1,9,LA TRINIDAD,1,CENTRO
12600,CL,ARQUITECTO GONZALEZ EDO,2,12,LA TRINIDAD,1,CENTRO
6972,CL,ARREBOLADO,1,17,LA TRINIDAD,1,CENTRO
6972,CL,ARREBOLADO,2,6,LA TRINIDAD,1,CENTRO
6986,CL,ARRIARAN,1,1,ENSANCHE CENTRO,1,CENTRO
6986,CL,ARRIARAN,2,2,ENSANCHE CENTRO,1,CENTRO
7028,PL,ARRIOLA,1,9,CENTRO HISTORICO,1,CENTRO
7028,PL,ARRIOLA,2,16,CENTRO HISTORICO,1,CENTRO
7112,AV,ARROYO DE LOS ANGELES,1,15,LA TRINIDAD,1,CENTRO
7224,CL,ARTES LAS,1,13,EL MOLINILLO,1,CENTRO
7224,CL,ARTES LAS,2,22,EL MOLINILLO,1,CENTRO
7336,CL,ASCANIO,1,3,CENTRO HISTORICO,1,CENTRO
7336,CL,ASCANIO,2,4,CENTRO HISTORICO,1,CENTRO
7504,CL,ATARAZANAS,1,23,CENTRO HISTORICO,1,CENTRO
7504,CL,ATARAZANAS,2,10,CENTRO HISTORICO,1,CENTRO
7532,PLLO,ATOCHA,1,11,CENTRO HISTORICO,1,CENTRO
7532,PLLO,ATOCHA,2,12,CENTRO HISTORICO,1,CENTRO
7560,AV,AURORA,1,13,PERCHEL SUR,1,CENTRO
7560,AV,AURORA,2,14,PERCHEL SUR,1,CENTRO
7588,PL,AURORA,1,7,LA TRINIDAD,1,CENTRO
7588,PL,AURORA,2,8,LA TRINIDAD,1,CENTRO
7602,CL,AVENTURERO,1,5,CENTRO HISTORICO,1,CENTRO
7602,CL,AVENTURERO,2,6,CENTRO HISTORICO,1,CENTRO
7784,CL,AZUCENA,1,7,CENTRO HISTORICO,1,CENTRO
7784,CL,AZUCENA,2,4,CENTRO HISTORICO,1,CENTRO
7826,CL,BACHILLER SANSON CARRASCO,1,3,OLLETAS,1,CENTRO
7826,CL,BACHILLER SANSON CARRASCO,2,12,OLLETAS,1,CENTRO
7840,CL,BACHILLER SERRANO,1,13,OLLETAS,1,CENTRO
7840,CL,BACHILLER SERRANO,2,8,OLLETAS,1,CENTRO
7868,CL,BADIS,1,1,MONTE SANCHA,1,CENTRO
7868,CL,BADIS,2,4,MONTE SANCHA,1,CENTRO
7980,PL,BAILEN,1,3,LA TRINIDAD,1,CENTRO
7980,PL,BAILEN,11,11,LA TRINIDAD,1,CENTRO
7980,PL,BAILEN,2,2,LA TRINIDAD,1,CENTRO
7980,PL,BAILEN,10,12,LA TRINIDAD,1,CENTRO
8204,CL,BALLESTEROS,1,3,CENTRO HISTORICO,1,CENTRO
8204,CL,BALLESTEROS,2,2,CENTRO HISTORICO,1,CENTRO
8456,ALMD,BARCELO,1,93,SAN MIGUEL,1,CENTRO
8456,ALMD,BARCELO,2,66,CAPUCHINOS,1,CENTRO
8484,AV,BARCELONA,1,23,LA TRINIDAD,1,CENTRO
8484,AV,BARCELONA,2,48,LA TRINIDAD,1,CENTRO
8512,CL,BARCENILLAS,1,13,BARCENILLAS,1,CENTRO
8512,CL,BARCENILLAS,2,4,LA VICTORIA,1,CENTRO
8512,CL,BARCENILLAS,6,10,BARCENILLAS,1,CENTRO
8624,CL,BARRANCO,1,9,MONTE SANCHA,1,CENTRO
8624,CL,BARRANCO,11,11,VENTAJA ALTA,1,CENTRO
8624,CL,BARRANCO,2,18,VENTAJA ALTA,1,CENTRO
8680,CL,BARRERA DE LA TRINIDAD,1,13,LA TRINIDAD,1,CENTRO
8680,CL,BARRERA DE LA TRINIDAD,2,8,LA TRINIDAD,1,CENTRO
8708,CL,BARROSO,1,19,ENSANCHE CENTRO,1,CENTRO
8708,CL,BARROSO,2,24,ENSANCHE CENTRO,1,CENTRO
8722,CL,BARTOLOME CARRASCO,1,3,CONDE DE URE�A,1,CENTRO
8722,CL,BARTOLOME CARRASCO,2,4,CONDE DE URE�A,1,CENTRO
8820,CL,BATIHOJA,1,15,LOS ANTONIOS,1,CENTRO
8820,CL,BATIHOJA,2,22,SIERRA BLANQUILLA,1,CENTRO
8876,CL,BEATAS,1,51,CENTRO HISTORICO,1,CENTRO
8876,CL,BEATAS,2,44,CENTRO HISTORICO,1,CENTRO
9212,PL,BENIGNO SANTIAGO PE�A,1,3,EL EJIDO,1,CENTRO
9212,PL,BENIGNO SANTIAGO PE�A,2,4,EL EJIDO,1,CENTRO
9226,PJE,BENITO MARIN,1,1,CAPUCHINOS,1,CENTRO
9226,PJE,BENITO MARIN,2,2,CAPUCHINOS,1,CENTRO
73920,CL,BENJAMIN PALENCIA,1,23,EL MOLINILLO,1,CENTRO
73920,CL,BENJAMIN PALENCIA,2,24,EL MOLINILLO,1,CENTRO
9296,CL,BERLANGA,1,13,CRISTO DE LA EPIDEMIA,1,CENTRO
9296,CL,BERLANGA,2,16,CRISTO DE LA EPIDEMIA,1,CENTRO
9492,CL,BIEDMAS,1,5,LA GOLETA,1,CENTRO
9492,CL,BIEDMAS,2,18,LA GOLETA,1,CENTRO
9800,CL,BLASCO DE GARAY,1,7,ENSANCHE CENTRO,1,CENTRO
9800,CL,BLASCO DE GARAY,2,8,ENSANCHE CENTRO,1,CENTRO
9856,CL,BOBASTRO,1,1,MONTE SANCHA,1,CENTRO
9856,CL,BOBASTRO,2,2,MONTE SANCHA,1,CENTRO
9996,CL,BOLSA,1,13,CENTRO HISTORICO,1,CENTRO
9996,CL,BOLSA,2,16,CENTRO HISTORICO,1,CENTRO
10094,PL,BORIS PASTERNAK,1,7,LOS ANTONIOS,1,CENTRO
10094,PL,BORIS PASTERNAK,2,6,LOS ANTONIOS,1,CENTRO
10388,PL,BRAVO,1,7,LA TRINIDAD,1,CENTRO
10388,PL,BRAVO,2,6,LA TRINIDAD,1,CENTRO
10416,PJE,BRIALES,1,27,LA TRINIDAD,1,CENTRO
10416,PJE,BRIALES,2,26,LA TRINIDAD,1,CENTRO
19464,PJE,BRISA DE LA,1,3,SAN FELIPE NERI,1,CENTRO
19464,PJE,BRISA DE LA,2,2,SAN FELIPE NERI,1,CENTRO
10724,CL,BUSTAMANTE,1,5,PERCHEL NORTE,1,CENTRO
10724,CL,BUSTAMANTE,2,6,PERCHEL NORTE,1,CENTRO
10780,CL,CABELLO,1,21,SAN FELIPE NERI,1,CENTRO
10780,CL,CABELLO,2,20,SAN FELIPE NERI,1,CENTRO
11060,CL,CALDERERIA,1,11,CENTRO HISTORICO,1,CENTRO
11060,CL,CALDERERIA,2,10,CENTRO HISTORICO,1,CENTRO
11088,CL,CALDERON DE LA BARCA,1,5,CENTRO HISTORICO,1,CENTRO
11088,CL,CALDERON DE LA BARCA,2,6,CENTRO HISTORICO,1,CENTRO
11228,CJON,CALLAO,1,3,LA VICTORIA,1,CENTRO
11228,CJON,CALLAO,2,2,LA VICTORIA,1,CENTRO
55412,CL,CALLEJONES DEL PERCHEL,1,19,PERCHEL SUR,1,CENTRO
11340,CL,CALVO,1,19,PERCHEL NORTE,1,CENTRO
11340,CL,CALVO,2,10,PERCHEL NORTE,1,CENTRO
11368,PSO,CALVO SOTELO,1,13,VENTAJA ALTA,1,CENTRO
11368,PSO,CALVO SOTELO,15,23,MONTE SANCHA,1,CENTRO
11368,PSO,CALVO SOTELO,2,16,VENTAJA ALTA,1,CENTRO
11368,PSO,CALVO SOTELO,18,28,MONTE SANCHA,1,CENTRO
11424,CL,CAMAS,1,9,CENTRO HISTORICO,1,CENTRO
11424,CL,CAMAS,2,14,CENTRO HISTORICO,1,CENTRO
11592,PJE,CAMPOS,1,15,LA MERCED,1,CENTRO
11592,PJE,CAMPOS,2,16,LA VICTORIA,1,CENTRO
11620,CL,CAMPOS ELISEOS,1,21,CAMPOS ELISEOS,1,CENTRO
11620,CL,CAMPOS ELISEOS,2,16,CAMPOS ELISEOS,1,CENTRO
11774,CL,CANAAN,1,3,LA CALETA,1,CENTRO
11774,CL,CANAAN,2,6,LA CALETA,1,CENTRO
11718,CL,CANAL DE SAN TELMO,2,2,PINARES DE OLLETAS,1,CENTRO
11732,CL,CANALES,1,15,PLAZA DE TOROS VIEJA,1,CENTRO
11732,CL,CANALES,2,22,PLAZA DE TOROS VIEJA,1,CENTRO
11816,CL,CANASTEROS,1,7,CENTRO HISTORICO,1,CENTRO
11816,CL,CANASTEROS,2,8,CENTRO HISTORICO,1,CENTRO
11959,CL,CANOA,1,3,PERCHEL NORTE,1,CENTRO
11959,CL,CANOA,2,4,PERCHEL NORTE,1,CENTRO
11984,AV,CANOVAS DEL CASTILLO,1,7,LA MALAGUETA,1,CENTRO
11984,AV,CANOVAS DEL CASTILLO,2,12,LA MALAGUETA,1,CENTRO
12096,CL,CA�ADA DE LOS INGLESES,1,27,CA�ADA DE LOS INGLESES,1,CENTRO
12096,CL,CA�ADA DE LOS INGLESES,2,4,MONTE SANCHA,1,CENTRO
12096,CL,CA�ADA DE LOS INGLESES,6,30,CA�ADA DE LOS INGLESES,1,CENTRO
12208,CL,CA�AVERAL,1,7,PERCHEL NORTE,1,CENTRO
12208,CL,CA�AVERAL,2,10,PERCHEL NORTE,1,CENTRO
12320,CL,CA�ON,1,13,CENTRO HISTORICO,1,CENTRO
12320,CL,CA�ON,2,2,CENTRO HISTORICO,1,CENTRO
12348,CL,CA�UELO DE SAN BERNARDO,1,5,CENTRO HISTORICO,1,CENTRO
12348,CL,CA�UELO DE SAN BERNARDO,2,6,CENTRO HISTORICO,1,CENTRO
12390,CL,CAOBOS,1,35,MONTE SANCHA,1,CENTRO
12390,CL,CAOBOS,2,28,MONTE SANCHA,1,CENTRO
80001,DSMO,CAPILLA DEL CALVARIO,1,3,SEMINARIO,1,CENTRO
80001,DSMO,CAPILLA DEL CALVARIO,2,2,SEMINARIO,1,CENTRO
12404,CL,CAPITAN,1,5,CENTRO HISTORICO,1,CENTRO
12404,CL,CAPITAN,2,6,CENTRO HISTORICO,1,CENTRO
12656,ALMD,CAPUCHINOS,1,67,CAPUCHINOS,1,CENTRO
12656,ALMD,CAPUCHINOS,69,91,OLLETAS,1,CENTRO
12656,ALMD,CAPUCHINOS,2,74,EL EJIDO,1,CENTRO
12656,ALMD,CAPUCHINOS,76,96,OLLETAS,1,CENTRO
12628,CL,CAPUCHINOS,1,1,EL MOLINILLO,1,CENTRO
12628,CL,CAPUCHINOS,3,43,CAPUCHINOS,1,CENTRO
12628,CL,CAPUCHINOS,2,40,CAPUCHINOS,1,CENTRO
12684,CRRA,CAPUCHINOS,1,45,CAPUCHINOS,1,CENTRO
12684,CRRA,CAPUCHINOS,2,56,EL EJIDO,1,CENTRO
12712,PL,CAPUCHINOS,1,9,CAPUCHINOS,1,CENTRO
12712,PL,CAPUCHINOS,11,15,EL EJIDO,1,CENTRO
12712,PL,CAPUCHINOS,17,17,CAPUCHINOS,1,CENTRO
12712,PL,CAPUCHINOS,2,10,CAPUCHINOS,1,CENTRO
12712,PL,CAPUCHINOS,12,16,EL EJIDO,1,CENTRO
12908,PL,CARBON,1,3,CENTRO HISTORICO,1,CENTRO
12908,PL,CARBON,2,2,CENTRO HISTORICO,1,CENTRO
12936,CL,CARBONEROS,1,23,LA TRINIDAD,1,CENTRO
12936,CL,CARBONEROS,2,20,LA TRINIDAD,1,CENTRO
12964,CL,CARCER,1,3,CENTRO HISTORICO,1,CENTRO
12964,CL,CARCER,5,9,LA MERCED,1,CENTRO
12964,CL,CARCER,2,6,CENTRO HISTORICO,1,CENTRO
12964,CL,CARCER,8,10,LA MERCED,1,CENTRO
13188,PJE,CARLOS HAES,1,19,LA TRINIDAD,1,CENTRO
13188,PJE,CARLOS HAES,2,18,LA TRINIDAD,1,CENTRO
13328,CL,CARMELITAS,1,5,LA GOLETA,1,CENTRO
13328,CL,CARMELITAS,2,22,LA GOLETA,1,CENTRO
21767,PL,CARMEN OLMEDO,1,1,PERCHEL NORTE,1,CENTRO
21767,PL,CARMEN OLMEDO,2,2,PERCHEL NORTE,1,CENTRO
21473,PL,CARMEN THYSSEN-BORNEMISZA,1,1,CENTRO HISTORICO,1,CENTRO
21473,PL,CARMEN THYSSEN-BORNEMISZA,2,2,CENTRO HISTORICO,1,CENTRO
13608,CL,CARRASCO,1,3,LAGUNILLAS,1,CENTRO
13608,CL,CARRASCO,2,14,LAGUNILLAS,1,CENTRO
13664,CL,CARRETERIA,1,89,LA GOLETA,1,CENTRO
13664,CL,CARRETERIA,91,105,SAN FELIPE NERI,1,CENTRO
13664,CL,CARRETERIA,107,111,LA MERCED,1,CENTRO
13664,CL,CARRETERIA,2,104,CENTRO HISTORICO,1,CENTRO
13692,CL,CARRIL,1,41,LA TRINIDAD,1,CENTRO
13692,CL,CARRIL,2,44,LA TRINIDAD,1,CENTRO
13720,CL,CARRION,1,17,EL EJIDO,1,CENTRO
13720,CL,CARRION,2,10,EL EJIDO,1,CENTRO
13944,CL,CASADO,1,11,EL MOLINILLO,1,CENTRO
13944,CL,CASADO,2,12,EL MOLINILLO,1,CENTRO
13972,CL,CASAJARA,1,7,LA TRINIDAD,1,CENTRO
13972,CL,CASAJARA,2,4,LA TRINIDAD,1,CENTRO
14000,CL,CASAPALMA,1,11,CENTRO HISTORICO,1,CENTRO
14000,CL,CASAPALMA,2,4,CENTRO HISTORICO,1,CENTRO
14084,CL,CASAS DE CAMPOS,1,35,ENSANCHE CENTRO,1,CENTRO
14084,CL,CASAS DE CAMPOS,2,30,ENSANCHE CENTRO,1,CENTRO
14252,CL,CASTA�OS,1,3,EL MOLINILLO,1,CENTRO
14252,CL,CASTA�OS,2,6,EL MOLINILLO,1,CENTRO
63700,CL,CASTILLO DE SOHAIL,1,5,CENTRO HISTORICO,1,CENTRO
63700,CL,CASTILLO DE SOHAIL,2,6,CENTRO HISTORICO,1,CENTRO
14679,CL,CEDROS DE MONTE SANCHA,1,17,MONTE SANCHA,1,CENTRO
14679,CL,CEDROS DE MONTE SANCHA,2,16,MONTE SANCHA,1,CENTRO
14764,PL,CELEDONIO ROMERO,1,7,EL EJIDO,1,CENTRO
14764,PL,CELEDONIO ROMERO,2,6,EL EJIDO,1,CENTRO
14959,CL,CEREZUELA,1,3,PERCHEL NORTE,1,CENTRO
14959,CL,CEREZUELA,2,2,PERCHEL NORTE,1,CENTRO
15148,CL,CERROJO,1,19,PERCHEL NORTE,1,CENTRO
15148,CL,CERROJO,2,52,PERCHEL NORTE,1,CENTRO
15176,AV,CERVANTES,1,3,ENSANCHE CENTRO,1,CENTRO
15176,AV,CERVANTES,2,4,ENSANCHE CENTRO,1,CENTRO
15204,CL,CERVANTES,1,15,LA MALAGUETA,1,CENTRO
15204,CL,CERVANTES,2,14,LA MALAGUETA,1,CENTRO
15442,CL,CHARLIE RIVEL,1,5,CENTRO HISTORICO,1,CENTRO
15442,CL,CHARLIE RIVEL,2,2,CENTRO HISTORICO,1,CENTRO
15456,CL,CHAVES,1,5,EL EJIDO,1,CENTRO
15456,CL,CHAVES,2,22,EL EJIDO,1,CENTRO
15476,CL,CHICLANERO EL,1,1,LA MERCED,1,CENTRO
15476,CL,CHICLANERO EL,3,5,LA VICTORIA,1,CENTRO
15476,CL,CHICLANERO EL,2,2,LA MERCED,1,CENTRO
15476,CL,CHICLANERO EL,4,6,LA VICTORIA,1,CENTRO
15540,CL,CHINCHILLA,1,17,SAN FELIPE NERI,1,CENTRO
15540,CL,CHINCHILLA,2,10,SAN FELIPE NERI,1,CENTRO
15568,PJE,CHINITAS,1,17,CENTRO HISTORICO,1,CENTRO
15568,PJE,CHINITAS,2,10,CENTRO HISTORICO,1,CENTRO
15848,CL,CHURRUCA,1,31,LA TRINIDAD,1,CENTRO
15848,CL,CHURRUCA,2,34,LA TRINIDAD,1,CENTRO
15904,CL,CILLA,1,1,CENTRO HISTORICO,1,CENTRO
15904,CL,CILLA,2,2,CENTRO HISTORICO,1,CENTRO
15960,CL,CINCO BOLAS,1,3,CENTRO HISTORICO,1,CENTRO
15960,CL,CINCO BOLAS,2,8,CENTRO HISTORICO,1,CENTRO
16016,CL,CINTAS,1,23,SANTA AMALIA,1,CENTRO
16016,CL,CINTAS,2,18,SANTA AMALIA,1,CENTRO
16044,CL,CINTERIA,1,9,CENTRO HISTORICO,1,CENTRO
16044,CL,CINTERIA,2,8,CENTRO HISTORICO,1,CENTRO
16184,CL,CIRCO,1,3,EL EJIDO,1,CENTRO
16184,CL,CIRCO,2,8,EL EJIDO,1,CENTRO
16268,CL,CISNEROS,1,15,CENTRO HISTORICO,1,CENTRO
16268,CL,CISNEROS,2,18,CENTRO HISTORICO,1,CENTRO
16296,CL,CISTER,1,19,CENTRO HISTORICO,1,CENTRO
16296,CL,CISTER,2,14,CENTRO HISTORICO,1,CENTRO
16478,PJE,CLAVERO,1,1,LA VICTORIA,1,CENTRO
16478,PJE,CLAVERO,2,2,LA VICTORIA,1,CENTRO
16520,PJE,CLEMENS,1,11,LA VICTORIA,1,CENTRO
16520,PJE,CLEMENS,2,10,LA VICTORIA,1,CENTRO
16548,CL,COBERTIZO DE MALAVER,1,17,LA GOLETA,1,CENTRO
16548,CL,COBERTIZO DE MALAVER,2,8,LA GOLETA,1,CENTRO
16576,CL,COBERTIZO DEL CONDE,1,47,LAGUNILLAS,1,CENTRO
16576,CL,COBERTIZO DEL CONDE,2,42,LAGUNILLAS,1,CENTRO
16695,PL,COFRADIAS DE LAS,1,5,CENTRO HISTORICO,1,CENTRO
16695,PL,COFRADIAS DE LAS,2,6,CENTRO HISTORICO,1,CENTRO
16828,CMNO,COLMENAR,1,25,OLLETAS,1,CENTRO
16828,CMNO,COLMENAR,27,47,PINARES DE OLLETAS,1,CENTRO
16828,CMNO,COLMENAR,49,53,SANTA AMALIA,1,CENTRO
16828,CMNO,COLMENAR,55,111,PINARES DE OLLETAS,1,CENTRO
16828,CMNO,COLMENAR,113,117,SANTA AMALIA,1,CENTRO
16828,CMNO,COLMENAR,2,32,OLLETAS,1,CENTRO
16828,CMNO,COLMENAR,34,120,PINARES DE OLLETAS,1,CENTRO
16940,ALMD,COLON,1,19,ENSANCHE CENTRO,1,CENTRO
16940,ALMD,COLON,2,34,ENSANCHE CENTRO,1,CENTRO
16912,CL,COLON,1,13,SEGALERVA,1,CENTRO
16912,CL,COLON,2,12,SEGALERVA,1,CENTRO
16996,CL,COMANDANTE,1,3,CENTRO HISTORICO,1,CENTRO
16996,CL,COMANDANTE,2,6,CENTRO HISTORICO,1,CENTRO
17024,AV,COMANDANTE BENITEZ,1,15,ENSANCHE CENTRO,1,CENTRO
17024,AV,COMANDANTE BENITEZ,2,16,ENSANCHE CENTRO,1,CENTRO
17080,CL,COMEDIAS,1,15,CENTRO HISTORICO,1,CENTRO
17080,CL,COMEDIAS,2,26,CENTRO HISTORICO,1,CENTRO
17192,CL,COMISARIO,1,3,CENTRO HISTORICO,1,CENTRO
17192,CL,COMISARIO,2,10,CENTRO HISTORICO,1,CENTRO
17220,CL,COMPA�IA,1,35,CENTRO HISTORICO,1,CENTRO
17220,CL,COMPA�IA,2,48,CENTRO HISTORICO,1,CENTRO
17276,CL,COMPAS DE LA VICTORIA,1,19,CRISTO DE LA EPIDEMIA,1,CENTRO
17276,CL,COMPAS DE LA VICTORIA,2,24,CRISTO DE LA EPIDEMIA,1,CENTRO
17374,CL,CONCEJAL AGUSTIN MORENO,1,1,CENTRO HISTORICO,1,CENTRO
17374,CL,CONCEJAL AGUSTIN MORENO,2,2,CENTRO HISTORICO,1,CENTRO
17514,CL,CONCEJAL RODRIGUEZ SORIA,1,1,ENSANCHE CENTRO,1,CENTRO
17514,CL,CONCEJAL RODRIGUEZ SORIA,2,4,ENSANCHE CENTRO,1,CENTRO
17682,CL,CONDE DE CIENFUEGOS,1,5,LA VICTORIA,1,CENTRO
17682,CL,CONDE DE CIENFUEGOS,2,6,LA VICTORIA,1,CENTRO
17808,CL,CONDE DE LUNA,1,11,SAN MIGUEL,1,CENTRO
17808,CL,CONDE DE LUNA,2,12,SAN MIGUEL,1,CENTRO
17864,CL,CONDE DE TENDILLA,1,27,CRISTO DE LA EPIDEMIA,1,CENTRO
17864,CL,CONDE DE TENDILLA,2,26,CRISTO DE LA EPIDEMIA,1,CENTRO
17920,CL,CONDE DE URE�A,1,93,CONDE DE URE�A,1,CENTRO
17920,CL,CONDE DE URE�A,2,84,CONDE DE URE�A,1,CENTRO
17922,PJE,CONDE DE URE�A,1,9,CONDE DE URE�A,1,CENTRO
17922,PJE,CONDE DE URE�A,2,8,CONDE DE URE�A,1,CENTRO
17948,CL,CONDE DUQUE DE OLIVARES,1,7,PERCHEL SUR,1,CENTRO
17948,CL,CONDE DUQUE DE OLIVARES,2,6,PERCHEL SUR,1,CENTRO
18088,CL,CONSTANCIA,1,49,PLAZA DE TOROS VIEJA,1,CENTRO
18088,CL,CONSTANCIA,2,32,PLAZA DE TOROS VIEJA,1,CENTRO
36484,PL,CONSTITUCION,1,15,CENTRO HISTORICO,1,CENTRO
36484,PL,CONSTITUCION,2,16,CENTRO HISTORICO,1,CENTRO
18172,CL,CONVALECIENTES,1,13,CENTRO HISTORICO,1,CENTRO
18172,CL,CONVALECIENTES,2,4,CENTRO HISTORICO,1,CENTRO
18256,SBDA,CORACHA,1,1,CAMPOS ELISEOS,1,CENTRO
18256,SBDA,CORACHA,2,2,CAMPOS ELISEOS,1,CENTRO
18312,CL,CORDOBA,1,17,ENSANCHE CENTRO,1,CENTRO
18312,CL,CORDOBA,2,16,ENSANCHE CENTRO,1,CENTRO
18333,CL,CORINTO,1,1,LA MALAGUETA,1,CENTRO
18333,CL,CORINTO,2,2,LA MALAGUETA,1,CENTRO
18368,CL,CORONADO,1,3,CENTRO HISTORICO,1,CENTRO
18368,CL,CORONADO,2,8,CENTRO HISTORICO,1,CENTRO
18816,CL,CORREO VIEJO,1,13,CENTRO HISTORICO,1,CENTRO
18816,CL,CORREO VIEJO,2,8,CENTRO HISTORICO,1,CENTRO
18872,CL,CORTA,1,3,CONDE DE URE�A,1,CENTRO
18872,CL,CORTA,2,6,CONDE DE URE�A,1,CENTRO
19124,CL,CORTINA,1,1,EL EJIDO,1,CENTRO
19124,CL,CORTINA,2,4,EL EJIDO,1,CENTRO
19152,CL,CORTINA DEL MUELLE,1,25,CENTRO HISTORICO,1,CENTRO
19152,CL,CORTINA DEL MUELLE,2,2,ENSANCHE CENTRO,1,CENTRO
8428,CL,COTO DE DO�ANA,1,5,LA VICTORIA,1,CENTRO
8428,CL,COTO DE DO�ANA,7,17,LAGUNILLAS,1,CENTRO
8428,CL,COTO DE DO�ANA,2,22,LA VICTORIA,1,CENTRO
8428,CL,COTO DE DO�ANA,24,24,LAGUNILLAS,1,CENTRO
19320,CL,COTRINA,1,7,LA TRINIDAD,1,CENTRO
19320,CL,COTRINA,2,6,LA TRINIDAD,1,CENTRO
19404,CL,CRISTINA,1,15,LA TRINIDAD,1,CENTRO
19404,CL,CRISTINA,2,18,LA TRINIDAD,1,CENTRO
19457,PZLA,CRISTO DE LA CRUCIFIXION,1,1,EL EJIDO,1,CENTRO
19457,PZLA,CRISTO DE LA CRUCIFIXION,2,2,EL EJIDO,1,CENTRO
19460,CL,CRISTO DE LA EPIDEMIA,1,75,CRISTO DE LA EPIDEMIA,1,CENTRO
19460,CL,CRISTO DE LA EPIDEMIA,77,101,OLLETAS,1,CENTRO
19460,CL,CRISTO DE LA EPIDEMIA,2,76,CRISTO DE LA EPIDEMIA,1,CENTRO
19460,CL,CRISTO DE LA EPIDEMIA,78,98,OLLETAS,1,CENTRO
19466,CL,CRISTO DE LA EXPIRACION,1,1,PERCHEL SUR,1,CENTRO
19466,CL,CRISTO DE LA EXPIRACION,2,2,PERCHEL SUR,1,CENTRO
21472,PZLA,CRISTO DEL AMOR,1,3,CRISTO DE LA EPIDEMIA,1,CENTRO
21472,PZLA,CRISTO DEL AMOR,2,2,CRISTO DE LA EPIDEMIA,1,CENTRO
46627,PL,CRISTOS DE LOS,1,13,LA GOLETA,1,CENTRO
46627,PL,CRISTOS DE LOS,2,14,LA GOLETA,1,CENTRO
40712,CL,CRISTOS LOS,1,7,LA GOLETA,1,CENTRO
40712,CL,CRISTOS LOS,2,8,LA GOLETA,1,CENTRO
19712,CL,CRUZ DEL MOLINILLO,1,33,EL MOLINILLO,1,CENTRO
19712,CL,CRUZ DEL MOLINILLO,2,18,LA GOLETA,1,CENTRO
19712,CL,CRUZ DEL MOLINILLO,20,28,SAN FELIPE NERI,1,CENTRO
19768,CL,CRUZ VERDE,1,19,EL EJIDO,1,CENTRO
19768,CL,CRUZ VERDE,2,24,LAGUNILLAS,1,CENTRO
19859,PJE,CUARTEL DE CABALLERIA,1,3,EL EJIDO,1,CENTRO
19859,PJE,CUARTEL DE CABALLERIA,2,4,EL EJIDO,1,CENTRO
19880,CL,CUARTELEJO,1,13,PERCHEL SUR,1,CENTRO
19880,CL,CUARTELEJO,2,10,PERCHEL SUR,1,CENTRO
19908,CL,CUARTELES,1,51,PERCHEL SUR,1,CENTRO
19908,CL,CUARTELES,2,58,PERCHEL SUR,1,CENTRO
20020,CL,CUBA,1,3,OLLETAS,1,CENTRO
20020,CL,CUBA,2,6,OLLETAS,1,CENTRO
20048,CL,CUERVO,1,5,CAPUCHINOS,1,CENTRO
20048,CL,CUERVO,2,6,CAPUCHINOS,1,CENTRO
20356,CL,CURA DE LOS PALACIOS,1,1,MONTE SANCHA,1,CENTRO
20356,CL,CURA DE LOS PALACIOS,2,4,MONTE SANCHA,1,CENTRO
20398,CL,CURA MERINO,1,9,SEGALERVA,1,CENTRO
20398,CL,CURA MERINO,2,8,SEGALERVA,1,CENTRO
20440,CL,CURADERO,1,15,LA GOLETA,1,CENTRO
20440,CL,CURADERO,2,16,LA GOLETA,1,CENTRO
20446,PSO,CURAS DE LOS,1,1,ENSANCHE CENTRO,1,CENTRO
20446,PSO,CURAS DE LOS,2,4,PUERTO,1,CENTRO
20580,CL,DAOIZ,1,7,SEGALERVA,1,CENTRO
20580,CL,DAOIZ,2,8,SEGALERVA,1,CENTRO
40082,PL,DE DO�A TRINIDAD,1,13,PERCHEL NORTE,1,CENTRO
40082,PL,DE DO�A TRINIDAD,2,14,PERCHEL NORTE,1,CENTRO
21541,CL,DEAN GARCIA MOTA,1,1,CENTRO HISTORICO,1,CENTRO
21541,CL,DEAN GARCIA MOTA,2,2,ENSANCHE CENTRO,1,CENTRO
20662,PL,DECANO ALONSO PEDREIRA,1,1,EL EJIDO,1,CENTRO
20662,PL,DECANO ALONSO PEDREIRA,2,2,EL EJIDO,1,CENTRO
20709,CL,DECANO IGNACIO ALAMINOS,1,17,LOS ANTONIOS,1,CENTRO
20709,CL,DECANO IGNACIO ALAMINOS,2,44,LOS ANTONIOS,1,CENTRO
20719,CL,DECANO JUAN JOSE DELICADO,1,55,LOS ANTONIOS,1,CENTRO
20719,CL,DECANO JUAN JOSE DELICADO,2,18,LOS ANTONIOS,1,CENTRO
20737,CL,DECANO NARCISO CROOKE,1,5,LOS ANTONIOS,1,CENTRO
20737,CL,DECANO NARCISO CROOKE,2,24,LOS ANTONIOS,1,CENTRO
20739,CL,DECANO OLIVER Y GARCIA,1,43,LOS ANTONIOS,1,CENTRO
20739,CL,DECANO OLIVER Y GARCIA,45,45,PINARES DE OLLETAS,1,CENTRO
20739,CL,DECANO OLIVER Y GARCIA,2,40,LOS ANTONIOS,1,CENTRO
20739,CL,DECANO OLIVER Y GARCIA,46,48,PINARES DE OLLETAS,1,CENTRO
20524,CL,DENAMIEL DE CASTRO,1,5,CONDE DE URE�A,1,CENTRO
20524,CL,DENAMIEL DE CASTRO,2,14,CONDE DE URE�A,1,CENTRO
20779,CL,DENARIO,1,3,CA�ADA DE LOS INGLESES,1,CENTRO
20779,CL,DENARIO,2,2,CA�ADA DE LOS INGLESES,1,CENTRO
20790,CL,DEPORTISTAS,1,3,CRISTO DE LA EPIDEMIA,1,CENTRO
20790,CL,DEPORTISTAS,2,4,CRISTO DE LA EPIDEMIA,1,CENTRO
20888,CL,DEVOLX Y GARCIA,1,3,LA MALAGUETA,1,CENTRO
20888,CL,DEVOLX Y GARCIA,2,4,LA MALAGUETA,1,CENTRO
21540,PJE,DIEGO DE LA CERDA,1,1,EL MOLINILLO,1,CENTRO
21540,PJE,DIEGO DE LA CERDA,2,2,EL MOLINILLO,1,CENTRO
21028,CL,DIEGO DE SILOE,1,1,EL EJIDO,1,CENTRO
21028,CL,DIEGO DE SILOE,2,24,EL EJIDO,1,CENTRO
21169,CL,DIEGO RODRIGUEZ DE ALMELA,1,11,LOS ANTONIOS,1,CENTRO
21169,CL,DIEGO RODRIGUEZ DE ALMELA,2,12,LOS ANTONIOS,1,CENTRO
21196,CL,DIVINA PASTORA,1,3,CAPUCHINOS,1,CENTRO
21196,CL,DIVINA PASTORA,2,8,CAPUCHINOS,1,CENTRO
21580,PJE,DOCTOR CARRILLO CASAUX,1,1,LA MALAGUETA,1,CENTRO
21580,PJE,DOCTOR CARRILLO CASAUX,2,2,LA MALAGUETA,1,CENTRO
21438,CL,DOCTOR FELIPE SANCHEZ DE LA CUESTA Y ALARCON,1,3,CENTRO HISTORICO,1,CENTRO
21438,CL,DOCTOR FELIPE SANCHEZ DE LA CUESTA Y ALARCON,2,4,CENTRO HISTORICO,1,CENTRO
21448,CL,DOCTOR FERRAN,1,9,OLLETAS,1,CENTRO
21448,CL,DOCTOR FERRAN,2,8,OLLETAS,1,CENTRO
21476,CL,DOCTOR FLEMING,2,10,LA TRINIDAD,1,CENTRO
21532,AV,DOCTOR GALVEZ GINACHERO,1,29,LA TRINIDAD,1,CENTRO
21532,AV,DOCTOR GALVEZ GINACHERO,2,18,LA TRINIDAD,1,CENTRO
21728,CL,DOCTOR MANUEL PEREZ BRYAN,1,5,CENTRO HISTORICO,1,CENTRO
21728,CL,DOCTOR MANUEL PEREZ BRYAN,2,2,CENTRO HISTORICO,1,CENTRO
21945,CL,DOCTOR PASTEUR,1,5,OLLETAS,1,CENTRO
21945,CL,DOCTOR PASTEUR,2,4,OLLETAS,1,CENTRO
22316,CL,DON CRISTIAN,1,5,PERCHEL NORTE,1,CENTRO
22316,CL,DON CRISTIAN,7,43,MARMOLES,1,CENTRO
22316,CL,DON CRISTIAN,2,8,PERCHEL NORTE,1,CENTRO
22316,CL,DON CRISTIAN,10,50,MARMOLES,1,CENTRO
22428,CL,DON JUAN DE AUSTRIA,1,43,LA TRINIDAD,1,CENTRO
22428,CL,DON JUAN DE AUSTRIA,2,42,LA TRINIDAD,1,CENTRO
22456,CL,DON JUAN DE MALAGA,1,13,CENTRO HISTORICO,1,CENTRO
22456,CL,DON JUAN DE MALAGA,2,8,CENTRO HISTORICO,1,CENTRO
22484,CL,DON JUAN DIAZ,1,1,CENTRO HISTORICO,1,CENTRO
22484,CL,DON JUAN DIAZ,2,4,CENTRO HISTORICO,1,CENTRO
37982,PSO,DON JUAN TEMBOURY,1,1,CENTRO HISTORICO,1,CENTRO
37982,PSO,DON JUAN TEMBOURY,2,2,CENTRO HISTORICO,1,CENTRO
22512,CL,DON RICARDO,1,5,MARMOLES,1,CENTRO
22512,CL,DON RICARDO,2,8,MARMOLES,1,CENTRO
22540,CL,DON RODRIGO,1,15,LA GOLETA,1,CENTRO
22540,CL,DON RODRIGO,2,18,LA GOLETA,1,CENTRO
22596,PJE,DON VALENTIN MARTINEZ,1,9,LAGUNILLAS,1,CENTRO
22596,PJE,DON VALENTIN MARTINEZ,2,8,LAGUNILLAS,1,CENTRO
22652,CL,DO�A,1,57,SAN MIGUEL,1,CENTRO
22652,CL,DO�A,2,52,SAN MIGUEL,1,CENTRO
22680,CL,DO�A ENRIQUETA,1,7,MARMOLES,1,CENTRO
22680,CL,DO�A ENRIQUETA,2,16,MARMOLES,1,CENTRO
22764,CL,DOS ACERAS,1,41,SAN FELIPE NERI,1,CENTRO
22764,CL,DOS ACERAS,2,48,LA MERCED,1,CENTRO
22792,CL,DOS DE MAYO,1,5,OLLETAS,1,CENTRO
22792,CL,DOS DE MAYO,2,10,OLLETAS,1,CENTRO
22820,CL,DOS HERMANAS,1,1,SAN FELIPE NERI,1,CENTRO
22820,CL,DOS HERMANAS,2,4,SAN FELIPE NERI,1,CENTRO
22876,CL,DUENDE,1,5,CENTRO HISTORICO,1,CENTRO
22876,CL,DUENDE,2,12,CENTRO HISTORICO,1,CENTRO
22960,CL,DUQUE DE LA VICTORIA,1,13,CENTRO HISTORICO,1,CENTRO
22960,CL,DUQUE DE LA VICTORIA,2,12,CENTRO HISTORICO,1,CENTRO
23044,CL,DUQUE DE RIVAS,1,53,EL MOLINILLO,1,CENTRO
23044,CL,DUQUE DE RIVAS,2,62,EL MOLINILLO,1,CENTRO
23072,CL,DUQUESA DE PARCENT,1,15,ENSANCHE CENTRO,1,CENTRO
23072,CL,DUQUESA DE PARCENT,2,14,ENSANCHE CENTRO,1,CENTRO
23128,CL,ECHEGARAY,1,9,CENTRO HISTORICO,1,CENTRO
23128,CL,ECHEGARAY,2,8,CENTRO HISTORICO,1,CENTRO
23170,CL,ECLESIASTES,1,11,EL EJIDO,1,CENTRO
23170,CL,ECLESIASTES,2,10,EL EJIDO,1,CENTRO
23352,CL,EDUARDO DOMINGUEZ AVILA,1,11,CAPUCHINOS,1,CENTRO
23352,CL,EDUARDO DOMINGUEZ AVILA,13,19,SEGALERVA,1,CENTRO
23352,CL,EDUARDO DOMINGUEZ AVILA,2,44,CAPUCHINOS,1,CENTRO
23380,CL,EDUARDO OCON,1,15,LA GOLETA,1,CENTRO
23380,CL,EDUARDO OCON,2,8,LA GOLETA,1,CENTRO
23492,CL,EJIDO,1,5,EL EJIDO,1,CENTRO
23492,CL,EJIDO,2,8,EL EJIDO,1,CENTRO
23520,PL,EJIDO,1,7,EL EJIDO,1,CENTRO
23520,PL,EJIDO,2,8,EL EJIDO,1,CENTRO
23861,PJE,ELENA LEON GAITAN,1,1,LA MALAGUETA,1,CENTRO
23861,PJE,ELENA LEON GAITAN,2,2,LA MALAGUETA,1,CENTRO
23968,CL,EMILIO CARRERAS,1,23,SAN MIGUEL,1,CENTRO
23968,CL,EMILIO CARRERAS,2,34,SAN MIGUEL,1,CENTRO
23996,CL,EMILIO DIAZ,2,34,SEGALERVA,1,CENTRO
24192,CL,EMPECINADO,1,5,CAPUCHINOS,1,CENTRO
24192,CL,EMPECINADO,2,4,CAPUCHINOS,1,CENTRO
24200,CL,EMPEDRADA,1,23,LA TRINIDAD,1,CENTRO
24200,CL,EMPEDRADA,2,24,LA TRINIDAD,1,CENTRO
24248,CL,EMPINADA,1,25,CONDE DE URE�A,1,CENTRO
24248,CL,EMPINADA,2,16,CONDE DE URE�A,1,CENTRO
24332,CL,ENLACE,1,13,VENTAJA ALTA,1,CENTRO
24332,CL,ENLACE,2,8,VENTAJA ALTA,1,CENTRO
29748,PL,ENRIQUE GARCIA-HERRERA,1,21,CENTRO HISTORICO,1,CENTRO
29748,PL,ENRIQUE GARCIA-HERRERA,2,20,CENTRO HISTORICO,1,CENTRO
29750,CL,ENRIQUE GIL CARRASCO,1,1,CAMPOS ELISEOS,1,CENTRO
29750,CL,ENRIQUE GIL CARRASCO,2,4,CAMPOS ELISEOS,1,CENTRO
24402,PL,ENRIQUE NAVARRO,1,3,PERCHEL SUR,1,CENTRO
24402,PL,ENRIQUE NAVARRO,2,4,PERCHEL SUR,1,CENTRO
24444,CL,ENRIQUE SCHOLTZ,1,5,PERCHEL NORTE,1,CENTRO
24444,CL,ENRIQUE SCHOLTZ,7,7,MARMOLES,1,CENTRO
24444,CL,ENRIQUE SCHOLTZ,2,6,PERCHEL NORTE,1,CENTRO
24612,CL,ERMITA�O,1,13,LA GOLETA,1,CENTRO
24612,CL,ERMITA�O,2,8,LA GOLETA,1,CENTRO
24640,CL,ERNESTO,1,13,CRISTO DE LA EPIDEMIA,1,CENTRO
24640,CL,ERNESTO,2,16,CRISTO DE LA EPIDEMIA,1,CENTRO
24668,CL,ESCALERILLA,1,9,CONDE DE URE�A,1,CENTRO
24668,CL,ESCALERILLA,2,4,CONDE DE URE�A,1,CENTRO
24696,CL,ESCOBEDO,1,11,OLLETAS,1,CENTRO
24696,CL,ESCOBEDO,2,10,OLLETAS,1,CENTRO
24976,CL,ESCRITOR ANTONIO RAMOS,1,15,SANTA AMALIA,1,CENTRO
24976,CL,ESCRITOR ANTONIO RAMOS,17,19,PINARES DE OLLETAS,1,CENTRO
24976,CL,ESCRITOR ANTONIO RAMOS,21,55,SANTA AMALIA,1,CENTRO
24976,CL,ESCRITOR ANTONIO RAMOS,2,22,PINARES DE OLLETAS,1,CENTRO
26368,PL,ESCRITORA ROSA CHACEL,1,3,LA GOLETA,1,CENTRO
26368,PL,ESCRITORA ROSA CHACEL,2,4,LA GOLETA,1,CENTRO
26450,PJE,ESCULTOR PEREZ HIDALGO,1,1,LAGUNILLAS,1,CENTRO
26450,PJE,ESCULTOR PEREZ HIDALGO,2,2,LAGUNILLAS,1,CENTRO
26460,CL,ESLAVA,2,14,PERCHEL SUR,1,CENTRO
26614,PSO,ESPA�A,1,1,ENSANCHE CENTRO,1,CENTRO
26614,PSO,ESPA�A,2,2,ENSANCHE CENTRO,1,CENTRO
26628,CL,ESPARTEROS,1,11,CENTRO HISTORICO,1,CENTRO
26628,CL,ESPARTEROS,2,12,CENTRO HISTORICO,1,CENTRO
26656,CL,ESPECERIA,1,13,CENTRO HISTORICO,1,CENTRO
26656,CL,ESPECERIA,2,26,CENTRO HISTORICO,1,CENTRO
26712,CL,ESPERANZA,1,13,LA VICTORIA,1,CENTRO
26712,CL,ESPERANZA,2,10,LA VICTORIA,1,CENTRO
26732,CL,ESPIREA,1,7,OLLETAS,1,CENTRO
26732,CL,ESPIREA,2,4,OLLETAS,1,CENTRO
26852,CL,ESTEBANEZ CALDERON,1,21,MARMOLES,1,CENTRO
26852,CL,ESTEBANEZ CALDERON,2,16,MARMOLES,1,CENTRO
26912,CL,ESTRECHA,1,3,CONDE DE URE�A,1,CENTRO
26912,CL,ESTRECHA,2,4,CONDE DE URE�A,1,CENTRO
27160,CL,EUFEMIA,1,29,SIERRA BLANQUILLA,1,CENTRO
27160,CL,EUFEMIA,2,24,SIERRA BLANQUILLA,1,CENTRO
27440,CL,FAJARDO,1,13,CENTRO HISTORICO,1,CENTRO
27440,CL,FAJARDO,2,6,CENTRO HISTORICO,1,CENTRO
44324,CL,FARO,1,1,LA MALAGUETA,1,CENTRO
44324,CL,FARO,2,4,LA MALAGUETA,1,CENTRO
27496,PSO,FAROLA,1,21,LA MALAGUETA,1,CENTRO
27496,PSO,FAROLA,2,20,LA MALAGUETA,1,CENTRO
27524,AV,FATIMA,1,25,LA TRINIDAD,1,CENTRO
27524,AV,FATIMA,2,24,LA TRINIDAD,1,CENTRO
27552,CL,FEDERICO CHUECA,1,17,SEGALERVA,1,CENTRO
27552,CL,FEDERICO CHUECA,2,14,SEGALERVA,1,CENTRO
27580,CL,FEIJOO,1,17,LA TRINIDAD,1,CENTRO
27580,CL,FEIJOO,2,14,LA TRINIDAD,1,CENTRO
27748,CL,FELIX MESA,1,7,EL EJIDO,1,CENTRO
27748,CL,FELIX MESA,2,4,EL EJIDO,1,CENTRO
27762,CL,FELIX REVELLO DE TORO,1,49,LA MANIA,1,CENTRO
27762,CL,FELIX REVELLO DE TORO,4,82,LA MANIA,1,CENTRO
27804,PL,FELIX SAENZ,1,9,CENTRO HISTORICO,1,CENTRO
27804,PL,FELIX SAENZ,2,10,CENTRO HISTORICO,1,CENTRO
27860,CL,FERNAN GONZALEZ,1,5,CENTRO HISTORICO,1,CENTRO
27860,CL,FERNAN GONZALEZ,2,6,CENTRO HISTORICO,1,CENTRO
28028,CL,FERNANDO CAMINO,1,23,LA MALAGUETA,1,CENTRO
28028,CL,FERNANDO CAMINO,2,22,LA MALAGUETA,1,CENTRO
28140,CL,FERNANDO DE LESSEPS,1,5,CENTRO HISTORICO,1,CENTRO
28140,CL,FERNANDO DE LESSEPS,2,2,CENTRO HISTORICO,1,CENTRO
28112,CL,FERNANDO EL CATOLICO,1,39,CRISTO DE LA EPIDEMIA,1,CENTRO
28112,CL,FERNANDO EL CATOLICO,41,63,OLLETAS,1,CENTRO
28112,CL,FERNANDO EL CATOLICO,2,56,CRISTO DE LA EPIDEMIA,1,CENTRO
28112,CL,FERNANDO EL CATOLICO,58,86,OLLETAS,1,CENTRO
28185,CL,FERNANDO REY,1,5,LA VICTORIA,1,CENTRO
28185,CL,FERNANDO REY,2,6,LA VICTORIA,1,CENTRO
28196,CL,FERRANDIZ,1,61,CONDE DE URE�A,1,CENTRO
28196,CL,FERRANDIZ,63,67,LA MANIA,1,CENTRO
28196,CL,FERRANDIZ,2,18,LA VICTORIA,1,CENTRO
28196,CL,FERRANDIZ,20,70,BARCENILLAS,1,CENTRO
28196,CL,FERRANDIZ,72,78,VENTAJA ALTA,1,CENTRO
28278,PL,FERRERIA DE LA,1,1,PLAZA DE TOROS VIEJA,1,CENTRO
28278,PL,FERRERIA DE LA,2,2,PLAZA DE TOROS VIEJA,1,CENTRO
28546,CL,FLAUTA LA,18,18,SANTA AMALIA,1,CENTRO
39172,PL,FLORES LAS,1,7,CENTRO HISTORICO,1,CENTRO
39172,PL,FLORES LAS,2,8,CENTRO HISTORICO,1,CENTRO
28756,CL,FRAILES,1,29,LA MERCED,1,CENTRO
28756,CL,FRAILES,2,36,LAGUNILLAS,1,CENTRO
27459,CL,FRANCISCO BEJARANO ROBLES,1,1,ENSANCHE CENTRO,1,CENTRO
27459,CL,FRANCISCO BEJARANO ROBLES,2,2,ENSANCHE CENTRO,1,CENTRO
17528,CL,FRANCISCO DE RIOJA,1,3,CENTRO HISTORICO,1,CENTRO
17528,CL,FRANCISCO DE RIOJA,2,4,CENTRO HISTORICO,1,CENTRO
29316,CL,FRANCISCO MONJE,1,25,LA TRINIDAD,1,CENTRO
29316,CL,FRANCISCO MONJE,2,34,LA TRINIDAD,1,CENTRO
29372,PL,FRANCISCO SILVELA,1,3,CONDE DE URE�A,1,CENTRO
29372,PL,FRANCISCO SILVELA,2,4,CONDE DE URE�A,1,CENTRO
29422,PL,FRAY ALONSO DE SANTO TOMAS,1,3,PERCHEL NORTE,1,CENTRO
29422,PL,FRAY ALONSO DE SANTO TOMAS,2,4,PERCHEL NORTE,1,CENTRO
29540,CL,FRESCA,1,5,CENTRO HISTORICO,1,CENTRO
29540,CL,FRESCA,2,12,CENTRO HISTORICO,1,CENTRO
29764,CL,FUENTE DE LA MANIA,1,25,CONDE DE URE�A,1,CENTRO
29764,CL,FUENTE DE LA MANIA,2,6,CONDE DE URE�A,1,CENTRO
29764,CL,FUENTE DE LA MANIA,8,8,LA MANIA,1,CENTRO
29792,CL,FUENTECILLA,1,7,PERCHEL NORTE,1,CENTRO
29792,CL,FUENTECILLA,2,20,PERCHEL NORTE,1,CENTRO
29820,CJON,FUERZA DE LA,1,7,CAMPOS ELISEOS,1,CENTRO
29820,CJON,FUERZA DE LA,2,8,CAMPOS ELISEOS,1,CENTRO
29904,CL,GALACHO,1,49,SAN MIGUEL,1,CENTRO
29904,CL,GALACHO,2,42,SAN MIGUEL,1,CENTRO
29918,CL,GALATAS,1,3,CRISTO DE LA EPIDEMIA,1,CENTRO
29918,CL,GALATAS,2,4,CRISTO DE LA EPIDEMIA,1,CENTRO
29925,CL,GALATEA,1,9,SIERRA BLANQUILLA,1,CENTRO
29925,CL,GALATEA,2,10,SIERRA BLANQUILLA,1,CENTRO
29984,CL,GALEOTES,1,7,SIERRA BLANQUILLA,1,CENTRO
29984,CL,GALEOTES,2,4,SIERRA BLANQUILLA,1,CENTRO
21744,PL,GALVEZ DE LOS,1,1,PERCHEL SUR,1,CENTRO
21744,PL,GALVEZ DE LOS,2,2,PERCHEL SUR,1,CENTRO
30170,CL,GANDALIN,1,7,SIERRA BLANQUILLA,1,CENTRO
30170,CL,GANDALIN,2,10,SIERRA BLANQUILLA,1,CENTRO
30212,CL,GAONA,1,11,SAN FELIPE NERI,1,CENTRO
30212,CL,GAONA,2,14,SAN FELIPE NERI,1,CENTRO
30296,CL,GARCIA BRIZ,1,11,CENTRO HISTORICO,1,CENTRO
30296,CL,GARCIA BRIZ,2,6,CENTRO HISTORICO,1,CENTRO
30324,CL,GARCIA DE HARO,1,11,CRISTO DE LA EPIDEMIA,1,CENTRO
30324,CL,GARCIA DE HARO,2,18,CRISTO DE LA EPIDEMIA,1,CENTRO
30394,CL,GARCILASO DE LA VEGA,1,1,EL EJIDO,1,CENTRO
30394,CL,GARCILASO DE LA VEGA,2,2,EL EJIDO,1,CENTRO
30408,CL,GARDENIAS,1,23,SANTA AMALIA,1,CENTRO
30408,CL,GARDENIAS,2,28,SANTA AMALIA,1,CENTRO
30688,CL,GENERAL IBA�EZ,1,13,CRISTO DE LA EPIDEMIA,1,CENTRO
30688,CL,GENERAL IBA�EZ,15,53,OLLETAS,1,CENTRO
30688,CL,GENERAL IBA�EZ,2,12,CRISTO DE LA EPIDEMIA,1,CENTRO
30688,CL,GENERAL IBA�EZ,14,54,OLLETAS,1,CENTRO
30744,CL,GENERAL NARVAEZ,1,33,CONDE DE URE�A,1,CENTRO
30744,CL,GENERAL NARVAEZ,2,28,CONDE DE URE�A,1,CENTRO
30755,PJE,GENERAL NARVAEZ DEL,1,3,CONDE DE URE�A,1,CENTRO
30755,PJE,GENERAL NARVAEZ DEL,2,4,CONDE DE URE�A,1,CENTRO
34314,PL,GENERAL TORRIJOS,1,3,LA MALAGUETA,1,CENTRO
34314,PL,GENERAL TORRIJOS,2,2,LA MALAGUETA,1,CENTRO
30982,CMNO,GIBRALFARO,1,7,MONTE SANCHA,1,CENTRO
30982,CMNO,GIBRALFARO,9,11,MONTE DE GIBRALFARO,1,CENTRO
30982,CMNO,GIBRALFARO,2,18,MONTE SANCHA,1,CENTRO
30982,CMNO,GIBRALFARO,20,24,VENTAJA ALTA,1,CENTRO
30982,CMNO,GIBRALFARO,26,28,MONTE DE GIBRALFARO,1,CENTRO
31024,CL,GIGANTES,1,19,LA GOLETA,1,CENTRO
31024,CL,GIGANTES,2,16,LA GOLETA,1,CENTRO
31045,CL,GIL POLO,1,3,CONDE DE URE�A,1,CENTRO
31045,CL,GIL POLO,2,2,CONDE DE URE�A,1,CENTRO
31108,CL,GIRONDA,1,9,CAMPOS ELISEOS,1,CENTRO
31108,CL,GIRONDA,2,2,CAMPOS ELISEOS,1,CENTRO
31136,CL,GISBERT,1,3,EL EJIDO,1,CENTRO
31136,CL,GISBERT,2,6,EL EJIDO,1,CENTRO
31192,CL,GLADIOLOS,1,23,SANTA AMALIA,1,CENTRO
31192,CL,GLADIOLOS,2,20,SANTA AMALIA,1,CENTRO
31206,PJE,GLADIOLOS,1,83,SANTA AMALIA,1,CENTRO
31206,PJE,GLADIOLOS,2,14,SANTA AMALIA,1,CENTRO
31241,CL,GODOFREDO DE BULLON,1,11,PINARES DE OLLETAS,1,CENTRO
31241,CL,GODOFREDO DE BULLON,2,6,PINARES DE OLLETAS,1,CENTRO
44359,PL,GOLETA DE LA,1,1,LA GOLETA,1,CENTRO
44359,PL,GOLETA DE LA,2,2,LA GOLETA,1,CENTRO
31276,CL,GOLETERA,1,5,LA GOLETA,1,CENTRO
31276,CL,GOLETERA,2,6,LA GOLETA,1,CENTRO
31360,CL,GOMEZ PALLETE,1,11,LA MERCED,1,CENTRO
31360,CL,GOMEZ PALLETE,2,4,LA MERCED,1,CENTRO
31388,CL,GOMEZ SALAZAR,1,27,LAGUNILLAS,1,CENTRO
31388,CL,GOMEZ SALAZAR,2,36,LAGUNILLAS,1,CENTRO
31528,CL,GORDON,1,15,CRISTO DE LA EPIDEMIA,1,CENTRO
31528,CL,GORDON,17,17,EL EJIDO,1,CENTRO
31528,CL,GORDON,2,22,CRISTO DE LA EPIDEMIA,1,CENTRO
31528,CL,GORDON,24,28,EL EJIDO,1,CENTRO
31556,PJE,GORDON,1,5,CENTRO HISTORICO,1,CENTRO
31556,PJE,GORDON,2,6,CENTRO HISTORICO,1,CENTRO
31640,CL,GRAMA,1,15,LA GOLETA,1,CENTRO
31640,CL,GRAMA,2,20,LA GOLETA,1,CENTRO
31696,CL,GRANADA,1,75,CENTRO HISTORICO,1,CENTRO
31696,CL,GRANADA,2,84,CENTRO HISTORICO,1,CENTRO
31724,CL,GRANADOS,1,3,CENTRO HISTORICO,1,CENTRO
31724,CL,GRANADOS,2,10,CENTRO HISTORICO,1,CENTRO
31864,CL,GRAVINA,1,21,EL MOLINILLO,1,CENTRO
31864,CL,GRAVINA,2,22,EL MOLINILLO,1,CENTRO
32676,CL,GUERRERO,1,9,SAN FELIPE NERI,1,CENTRO
32676,CL,GUERRERO,2,8,SAN FELIPE NERI,1,CENTRO
32704,AV,GUERRERO STRACHAN,36,36,PINARES DE OLLETAS,1,CENTRO
32816,CL,GUILLEN DE CASTRO,1,3,CENTRO HISTORICO,1,CENTRO
32816,CL,GUILLEN DE CASTRO,2,2,CENTRO HISTORICO,1,CENTRO
32844,CL,GUILLEN ROBLES,1,27,OLLETAS,1,CENTRO
32844,CL,GUILLEN ROBLES,2,18,OLLETAS,1,CENTRO
32858,CL,GUILLEN SOTELO,1,3,CENTRO HISTORICO,1,CENTRO
32858,CL,GUILLEN SOTELO,2,8,ENSANCHE CENTRO,1,CENTRO
32928,PLLO,GUIMBARDA,1,5,PERCHEL NORTE,1,CENTRO
32928,PLLO,GUIMBARDA,2,4,PERCHEL NORTE,1,CENTRO
33124,CL,GUTENBERG,1,7,LA CALETA,1,CENTRO
33124,CL,GUTENBERG,2,8,LA CALETA,1,CENTRO
33138,CL,GUTIERREZ DE CETINA,1,7,PINARES DE OLLETAS,1,CENTRO
33138,CL,GUTIERREZ DE CETINA,2,2,PINARES DE OLLETAS,1,CENTRO
33145,CL,GUZMAN DE ALFARACHE,1,3,PINARES DE OLLETAS,1,CENTRO
33145,CL,GUZMAN DE ALFARACHE,2,4,PINARES DE OLLETAS,1,CENTRO
33376,PJE,HEREDIA,1,3,CENTRO HISTORICO,1,CENTRO
33376,PJE,HEREDIA,2,4,CENTRO HISTORICO,1,CENTRO
20272,CL,HERMANOS ARGENSOLA,1,13,CONDE DE URE�A,1,CENTRO
20272,CL,HERMANOS ARGENSOLA,2,20,CONDE DE URE�A,1,CENTRO
33460,CL,HERMANOS OLIVER,1,25,OLLETAS,1,CENTRO
33460,CL,HERMANOS OLIVER,27,27,SAN MIGUEL,1,CENTRO
33460,CL,HERMANOS OLIVER,2,14,OLLETAS,1,CENTRO
33516,CL,HERMOSILLA,1,9,EL EJIDO,1,CENTRO
33516,CL,HERMOSILLA,2,2,EL EJIDO,1,CENTRO
33544,CL,HERNAN CABALLERO,1,13,SEGALERVA,1,CENTRO
33544,CL,HERNAN CABALLERO,2,14,SEGALERVA,1,CENTRO
33572,CL,HERNAN CORTES,1,23,SEGALERVA,1,CENTRO
33572,CL,HERNAN CORTES,2,20,SEGALERVA,1,CENTRO
33600,CL,HERNAN RUIZ,1,9,CENTRO HISTORICO,1,CENTRO
33600,CL,HERNAN RUIZ,2,8,CENTRO HISTORICO,1,CENTRO
33656,CL,HERNANDO DE ZAFRA,1,23,CRISTO DE LA EPIDEMIA,1,CENTRO
33656,CL,HERNANDO DE ZAFRA,2,18,CRISTO DE LA EPIDEMIA,1,CENTRO
33824,CL,HERRERIA DEL REY,1,9,CENTRO HISTORICO,1,CENTRO
33824,CL,HERRERIA DEL REY,2,12,CENTRO HISTORICO,1,CENTRO
33992,CL,HILERA,1,3,PERCHEL NORTE,1,CENTRO
33992,CL,HILERA,2,6,PERCHEL NORTE,1,CENTRO
33992,CL,HILERA,8,12,MARMOLES,1,CENTRO
34020,CL,HINESTROSA,1,31,LA MERCED,1,CENTRO
34020,CL,HINESTROSA,2,28,LA MERCED,1,CENTRO
34216,CL,HORNO,1,5,CENTRO HISTORICO,1,CENTRO
34216,CL,HORNO,2,12,CENTRO HISTORICO,1,CENTRO
34272,PL,HOSPITAL CIVIL,3,11,LA TRINIDAD,1,CENTRO
34272,PL,HOSPITAL CIVIL,2,12,LA TRINIDAD,1,CENTRO
34300,CL,HOSPITAL MILITAR,1,19,CRISTO DE LA EPIDEMIA,1,CENTRO
34300,CL,HOSPITAL MILITAR,2,24,CRISTO DE LA EPIDEMIA,1,CENTRO
34356,CL,HOYO DE ESPARTEROS,1,11,CENTRO HISTORICO,1,CENTRO
34356,CL,HOYO DE ESPARTEROS,2,12,CENTRO HISTORICO,1,CENTRO
34496,CL,HUERTA,1,23,SAN MIGUEL,1,CENTRO
34496,CL,HUERTA,2,32,SAN MIGUEL,1,CENTRO
34552,CL,HUERTA DEL OBISPO,1,25,PERCHEL NORTE,1,CENTRO
34552,CL,HUERTA DEL OBISPO,2,24,PERCHEL NORTE,1,CENTRO
34636,CL,HUERTO DE LA MADERA,1,9,PERCHEL SUR,1,CENTRO
34636,CL,HUERTO DE LA MADERA,2,10,PERCHEL SUR,1,CENTRO
34664,CL,HUERTO DE LOS CLAVELES,1,23,EL MOLINILLO,1,CENTRO
34664,CL,HUERTO DE LOS CLAVELES,2,24,EL MOLINILLO,1,CENTRO
34692,CL,HUERTO DE MONJAS,1,39,LA GOLETA,1,CENTRO
34692,CL,HUERTO DE MONJAS,2,26,LA GOLETA,1,CENTRO
34720,CL,HUERTO DEL CONDE,1,25,LAGUNILLAS,1,CENTRO
34720,CL,HUERTO DEL CONDE,2,28,LA VICTORIA,1,CENTRO
34748,CL,HURTADO,1,17,CAPUCHINOS,1,CENTRO
34748,CL,HURTADO,2,4,CAPUCHINOS,1,CENTRO
34804,CL,HURTADO DE MENDOZA,1,19,CONDE DE URE�A,1,CENTRO
34804,CL,HURTADO DE MENDOZA,2,12,CONDE DE URE�A,1,CENTRO
34832,CL,IBARRA,1,7,CA�ADA DE LOS INGLESES,1,CENTRO
34832,CL,IBARRA,2,6,CA�ADA DE LOS INGLESES,1,CENTRO
53704,CL,IBN GABIROL,1,11,LA TRINIDAD,1,CENTRO
53704,CL,IBN GABIROL,2,8,LA TRINIDAD,1,CENTRO
35000,PL,IMAGEN,1,7,PERCHEL NORTE,1,CENTRO
35000,PL,IMAGEN,2,6,PERCHEL NORTE,1,CENTRO
28728,AV,INGENIERO JOSE MARIA GARNICA,2,12,PLAZA DE TOROS VIEJA,1,CENTRO
28728,AV,INGENIERO JOSE MARIA GARNICA,14,14,PERCHEL SUR,1,CENTRO
35336,CL,ISABEL LA CATOLICA,1,33,CRISTO DE LA EPIDEMIA,1,CENTRO
35336,CL,ISABEL LA CATOLICA,2,28,CRISTO DE LA EPIDEMIA,1,CENTRO
35413,CL,ISLA MALINDRANIA,1,15,PINARES DE OLLETAS,1,CENTRO
35413,CL,ISLA MALINDRANIA,2,10,PINARES DE OLLETAS,1,CENTRO
35588,CL,JABONEROS,1,15,LA TRINIDAD,1,CENTRO
35588,CL,JABONEROS,2,26,LA TRINIDAD,1,CENTRO
35644,CL,JACINTO VERDAGUER,1,15,PLAZA DE TOROS VIEJA,1,CENTRO
35644,CL,JACINTO VERDAGUER,17,19,PERCHEL SUR,1,CENTRO
35644,CL,JACINTO VERDAGUER,2,18,PLAZA DE TOROS VIEJA,1,CENTRO
35644,CL,JACINTO VERDAGUER,20,20,PERCHEL SUR,1,CENTRO
14686,CL,JACQUES CAPELUTO,1,19,MONTE SANCHA,1,CENTRO
14686,CL,JACQUES CAPELUTO,2,12,MONTE SANCHA,1,CENTRO
35784,CL,JARA,1,65,LA TRINIDAD,1,CENTRO
35784,CL,JARA,2,26,LA TRINIDAD,1,CENTRO
35882,JDIN,JARDINES PUERTA OSCURA,1,1,CENTRO HISTORICO,1,CENTRO
35882,JDIN,JARDINES PUERTA OSCURA,2,2,CENTRO HISTORICO,1,CENTRO
35966,CL,JAVIER DE ZUBIRI,1,3,LA MANIA,1,CENTRO
35966,CL,JAVIER DE ZUBIRI,2,4,LA MANIA,1,CENTRO
36057,CL,JERICO,1,3,LA CALETA,1,CENTRO
36057,CL,JERICO,2,2,LA CALETA,1,CENTRO
36067,PL,JERONIMO CUERVO,1,5,LA MERCED,1,CENTRO
36067,PL,JERONIMO CUERVO,2,6,LA MERCED,1,CENTRO
21593,PZLA,JESUS CASTELLANOS,1,3,CENTRO HISTORICO,1,CENTRO
21593,PZLA,JESUS CASTELLANOS,2,2,CENTRO HISTORICO,1,CENTRO
36076,PL,JESUS DE LA PASION,1,3,CENTRO HISTORICO,1,CENTRO
36076,PL,JESUS DE LA PASION,2,4,CENTRO HISTORICO,1,CENTRO
36099,CL,JESUS DEL PRENDIMIENTO,1,3,EL EJIDO,1,CENTRO
36099,CL,JESUS DEL PRENDIMIENTO,2,8,EL EJIDO,1,CENTRO
21773,CJON,JESUS DEL RESCATE,1,19,BARCENILLAS,1,CENTRO
21773,CJON,JESUS DEL RESCATE,2,8,BARCENILLAS,1,CENTRO
2254,PL,JESUS "EL RICO",1,3,LA VICTORIA,1,CENTRO
2254,PL,JESUS "EL RICO",5,5,CENTRO HISTORICO,1,CENTRO
2254,PL,JESUS "EL RICO",2,2,LA VICTORIA,1,CENTRO
2254,PL,JESUS "EL RICO",4,6,CENTRO HISTORICO,1,CENTRO
36148,CL,JIMENEZ,1,1,PERCHEL NORTE,1,CENTRO
36148,CL,JIMENEZ,2,4,PERCHEL NORTE,1,CENTRO
36232,CL,JINETES,1,31,LA MERCED,1,CENTRO
36232,CL,JINETES,2,18,LA MERCED,1,CENTRO
36268,CL,JOAQUIN DE MOLINA,1,9,VENTAJA ALTA,1,CENTRO
36268,CL,JOAQUIN DE MOLINA,2,8,VENTAJA ALTA,1,CENTRO
21544,GTA,JOAQUIN MARIA PERY,1,1,PUERTO,1,CENTRO
21544,GTA,JOAQUIN MARIA PERY,2,2,PUERTO,1,CENTRO
36368,CL,JONAS,1,5,OLLETAS,1,CENTRO
36368,CL,JONAS,2,4,OLLETAS,1,CENTRO
36386,CL,JORGE DE MONTEMAYOR,1,11,PINARES DE OLLETAS,1,CENTRO
36386,CL,JORGE DE MONTEMAYOR,2,10,PINARES DE OLLETAS,1,CENTRO
36393,GTA,JORGE GUILLEN,1,1,LA MALAGUETA,1,CENTRO
36393,GTA,JORGE GUILLEN,2,2,LA MALAGUETA,1,CENTRO
36400,CL,JORGE JUAN,1,13,LA TRINIDAD,1,CENTRO
36400,CL,JORGE JUAN,2,14,LA TRINIDAD,1,CENTRO
36498,CL,JOSE ALVAREZ NET FONSECA,1,1,CENTRO HISTORICO,1,CENTRO
36498,CL,JOSE ALVAREZ NET FONSECA,2,2,CENTRO HISTORICO,1,CENTRO
36708,CL,JOSE DENIS BELGRANO,1,25,CENTRO HISTORICO,1,CENTRO
36708,CL,JOSE DENIS BELGRANO,2,8,CENTRO HISTORICO,1,CENTRO
37436,CL,JUAN DE CANDERRERA,1,7,SEGALERVA,1,CENTRO
37436,CL,JUAN DE CANDERRERA,2,8,SEGALERVA,1,CENTRO
37464,CL,JUAN DE HERRERA,1,53,LA TRINIDAD,1,CENTRO
37464,CL,JUAN DE HERRERA,2,46,LA TRINIDAD,1,CENTRO
16142,CL,JUAN DE LA CUEVA,1,5,MONTE SANCHA,1,CENTRO
16142,CL,JUAN DE LA CUEVA,2,14,MONTE SANCHA,1,CENTRO
37492,CL,JUAN DE MENA,1,17,LA TRINIDAD,1,CENTRO
37492,CL,JUAN DE MENA,2,14,LA TRINIDAD,1,CENTRO
37604,CL,JUAN DE PADILLA,1,17,CENTRO HISTORICO,1,CENTRO
37604,CL,JUAN DE PADILLA,2,30,CENTRO HISTORICO,1,CENTRO
14560,CL,JUAN DEL ENCINA,1,45,EL MOLINILLO,1,CENTRO
14560,CL,JUAN DEL ENCINA,2,36,CAPUCHINOS,1,CENTRO
14560,CL,JUAN DEL ENCINA,38,44,EL MOLINILLO,1,CENTRO
37744,CL,JUAN GAITAN,1,11,SAN MIGUEL,1,CENTRO
37744,CL,JUAN GAITAN,2,18,SAN MIGUEL,1,CENTRO
36834,CL,JUAN LUIS PERALTA,1,1,ENSANCHE CENTRO,1,CENTRO
36834,CL,JUAN LUIS PERALTA,2,2,ENSANCHE CENTRO,1,CENTRO
37842,CL,JUAN MARTIN DIAZ,1,7,SEGALERVA,1,CENTRO
37842,CL,JUAN MARTIN DIAZ,2,10,SEGALERVA,1,CENTRO
714,CL,JUAN RUIZ,1,5,MONTE SANCHA,1,CENTRO
714,CL,JUAN RUIZ,2,6,MONTE SANCHA,1,CENTRO
37968,CL,JUAN SUCH,1,7,CONDE DE URE�A,1,CENTRO
37968,CL,JUAN SUCH,2,14,CONDE DE URE�A,1,CENTRO
21628,PL,JUDERIA DE LA,1,5,CENTRO HISTORICO,1,CENTRO
21628,PL,JUDERIA DE LA,2,6,CENTRO HISTORICO,1,CENTRO
35761,CL,JULIO MATHIAS,1,11,EL EJIDO,1,CENTRO
35761,CL,JULIO MATHIAS,2,10,EL EJIDO,1,CENTRO
38360,CL,KEROMNES,1,7,LA CALETA,1,CENTRO
38360,CL,KEROMNES,2,10,LA MALAGUETA,1,CENTRO
21852,PL,LA LIBERTAD,1,1,PERCHEL SUR,1,CENTRO
21852,PL,LA LIBERTAD,2,2,PERCHEL SUR,1,CENTRO
72647,PJE,LA TRINI,1,7,LA VICTORIA,1,CENTRO
72647,PJE,LA TRINI,2,8,LA VICTORIA,1,CENTRO
38948,CL,LADRON DE GUEVARA,1,7,CRISTO DE LA EPIDEMIA,1,CENTRO
38948,CL,LADRON DE GUEVARA,2,12,CRISTO DE LA EPIDEMIA,1,CENTRO
39060,CL,LAGUNILLAS,1,71,LAGUNILLAS,1,CENTRO
39060,CL,LAGUNILLAS,2,34,LAGUNILLAS,1,CENTRO
39060,CL,LAGUNILLAS,36,76,LA VICTORIA,1,CENTRO
39116,CL,LANUZA,1,7,LA TRINIDAD,1,CENTRO
39116,CL,LANUZA,2,6,LA TRINIDAD,1,CENTRO
39130,PJE,LAPEIRA,1,1,PERCHEL SUR,1,CENTRO
39130,PJE,LAPEIRA,2,4,PERCHEL SUR,1,CENTRO
39123,PJE,LARIOS,1,7,CENTRO HISTORICO,1,CENTRO
39123,PJE,LARIOS,2,4,CENTRO HISTORICO,1,CENTRO
39578,CL,LATORRE,1,3,ENSANCHE CENTRO,1,CENTRO
39578,CL,LATORRE,2,2,ENSANCHE CENTRO,1,CENTRO
39480,CL,LAZCANO,1,9,CENTRO HISTORICO,1,CENTRO
39480,CL,LAZCANO,2,8,CENTRO HISTORICO,1,CENTRO
21447,PL,LEGION ESPA�OLA,1,1,PERCHEL NORTE,1,CENTRO
21447,PL,LEGION ESPA�OLA,2,2,PERCHEL NORTE,1,CENTRO
39676,CL,LEMUS,1,9,LA TRINIDAD,1,CENTRO
39676,CL,LEMUS,2,12,LA TRINIDAD,1,CENTRO
21562,PSO,LEVANTE DE,1,3,PUERTO,1,CENTRO
21562,PSO,LEVANTE DE,2,4,PUERTO,1,CENTRO
39782,PL,LEX FLAVIA MALACITANA,1,17,EL EJIDO,1,CENTRO
39782,PL,LEX FLAVIA MALACITANA,2,16,EL EJIDO,1,CENTRO
39788,CL,LIBERIA,1,7,SEGALERVA,1,CENTRO
39788,CL,LIBERIA,2,22,SEGALERVA,1,CENTRO
39816,CL,LIBERTAD,1,5,PERCHEL NORTE,1,CENTRO
39816,CL,LIBERTAD,2,6,PERCHEL NORTE,1,CENTRO
39844,CL,LIBORIO GARCIA,1,7,CENTRO HISTORICO,1,CENTRO
39844,CL,LIBORIO GARCIA,2,12,CENTRO HISTORICO,1,CENTRO
39984,CL,LINAJE,1,3,ENSANCHE CENTRO,1,CENTRO
39984,CL,LINAJE,2,4,ENSANCHE CENTRO,1,CENTRO
40047,CL,LIRIOS,1,3,SANTA AMALIA,1,CENTRO
40047,CL,LIRIOS,2,54,SANTA AMALIA,1,CENTRO
40054,CL,LITORAL,1,1,CENTRO HISTORICO,1,CENTRO
40054,CL,LITORAL,2,4,CENTRO HISTORICO,1,CENTRO
21853,PL,LOCUTOR DOMINGO MERIDA,1,1,PERCHEL SUR,1,CENTRO
21853,PL,LOCUTOR DOMINGO MERIDA,2,2,PERCHEL SUR,1,CENTRO
40488,CL,LOPEZ DOMINGUEZ,1,13,EL MOLINILLO,1,CENTRO
40488,CL,LOPEZ DOMINGUEZ,2,6,EL MOLINILLO,1,CENTRO
40992,CL,LOTOS,1,15,SANTA AMALIA,1,CENTRO
40992,CL,LOTOS,2,16,SANTA AMALIA,1,CENTRO
21590,GTA,LOURDES MARTIN CASARES,1,1,PINARES DE OLLETAS,1,CENTRO
21590,GTA,LOURDES MARTIN CASARES,2,2,PINARES DE OLLETAS,1,CENTRO
41006,CL,LOZANO DE TORRES,1,11,CRISTO DE LA EPIDEMIA,1,CENTRO
41006,CL,LOZANO DE TORRES,2,8,CRISTO DE LA EPIDEMIA,1,CENTRO
41076,CL,LUCERO,1,11,CAPUCHINOS,1,CENTRO
41076,CL,LUCERO,2,6,CAPUCHINOS,1,CENTRO
41104,CL,LUCHANA,1,29,LA TRINIDAD,1,CENTRO
41104,CL,LUCHANA,2,28,LA TRINIDAD,1,CENTRO
41132,PJE,LUCIANO MARTINEZ,1,1,CENTRO HISTORICO,1,CENTRO
41132,PJE,LUCIANO MARTINEZ,2,2,CENTRO HISTORICO,1,CENTRO
41272,CL,LUIS DE MACEDA,1,7,CONDE DE URE�A,1,CENTRO
41272,CL,LUIS DE MACEDA,2,8,CONDE DE URE�A,1,CENTRO
41300,CL,LUIS DE VELAZQUEZ,1,9,CENTRO HISTORICO,1,CENTRO
41300,CL,LUIS DE VELAZQUEZ,2,10,CENTRO HISTORICO,1,CENTRO
41440,CL,LUQUE,1,15,OLLETAS,1,CENTRO
41440,CL,LUQUE,2,18,OLLETAS,1,CENTRO
41559,CL,MACABEOS,1,5,BARCENILLAS,1,CENTRO
41559,CL,MACABEOS,2,6,BARCENILLAS,1,CENTRO
41664,CL,MACIZO DE LA LLANA,15,15,SEMINARIO,1,CENTRO
41692,CL,MADRE DE DIOS,1,47,LA MERCED,1,CENTRO
41692,CL,MADRE DE DIOS,2,46,LA MERCED,1,CENTRO
35880,JDIN,MADRE PETRA,1,1,LA TRINIDAD,1,CENTRO
35880,JDIN,MADRE PETRA,2,2,LA TRINIDAD,1,CENTRO
41888,CL,MAESTRANZA,1,27,LA MALAGUETA,1,CENTRO
41888,CL,MAESTRANZA,2,26,LA MALAGUETA,1,CENTRO
41916,CL,MAESTRE DE CALATRAVA,1,15,SAN MIGUEL,1,CENTRO
41916,CL,MAESTRE DE CALATRAVA,2,14,SAN MIGUEL,1,CENTRO
41951,PL,MAESTRO ARTOLA,1,3,EL EJIDO,1,CENTRO
41951,PL,MAESTRO ARTOLA,2,2,EL EJIDO,1,CENTRO
42070,CL,MAGALLANES,1,3,LA MALAGUETA,1,CENTRO
42070,CL,MAGALLANES,2,4,LA MALAGUETA,1,CENTRO
42490,PL,MALAGUETA,1,5,LA MALAGUETA,1,CENTRO
42490,PL,MALAGUETA,2,4,LA MALAGUETA,1,CENTRO
42546,CL,MALAQUIAS,1,7,VENTAJA ALTA,1,CENTRO
42546,CL,MALAQUIAS,2,10,VENTAJA ALTA,1,CENTRO
42532,CL,MALASA�A,1,65,LA TRINIDAD,1,CENTRO
42532,CL,MALASA�A,2,48,LA TRINIDAD,1,CENTRO
42560,CL,MALPICA,1,13,PERCHEL SUR,1,CENTRO
42560,CL,MALPICA,2,14,PERCHEL SUR,1,CENTRO
42812,CL,MANRIQUE,1,11,EL EJIDO,1,CENTRO
42812,CL,MANRIQUE,13,29,CRISTO DE LA EPIDEMIA,1,CENTRO
42812,CL,MANRIQUE,2,26,CRISTO DE LA EPIDEMIA,1,CENTRO
42819,PJE,MANRIQUE,1,1,CRISTO DE LA EPIDEMIA,1,CENTRO
42819,PJE,MANRIQUE,2,2,CRISTO DE LA EPIDEMIA,1,CENTRO
42840,AV,MANUEL AGUSTIN HEREDIA,1,7,PUERTO,1,CENTRO
42840,AV,MANUEL AGUSTIN HEREDIA,2,34,ENSANCHE CENTRO,1,CENTRO
21482,JDIN,MANUEL ATENCIA GARCIA,1,1,CENTRO HISTORICO,1,CENTRO
21482,JDIN,MANUEL ATENCIA GARCIA,2,2,CENTRO HISTORICO,1,CENTRO
43316,AV,MANUEL GORRIA,55,79,PINARES DE OLLETAS,1,CENTRO
43316,AV,MANUEL GORRIA,26,44,PINARES DE OLLETAS,1,CENTRO
58674,CL,MANUEL JOSE GARCIA CAPARROS,1,7,CENTRO HISTORICO,1,CENTRO
58674,CL,MANUEL JOSE GARCIA CAPARROS,2,6,CENTRO HISTORICO,1,CENTRO
43386,CL,MANUEL MARTIN ESTEVEZ,1,3,LA MALAGUETA,1,CENTRO
43386,CL,MANUEL MARTIN ESTEVEZ,2,6,LA MALAGUETA,1,CENTRO
43785,CL,MARCHENA,1,1,LA MALAGUETA,1,CENTRO
43785,CL,MARCHENA,2,4,LA MALAGUETA,1,CENTRO
43848,CL,MARCOS GOMEZ,1,11,CRISTO DE LA EPIDEMIA,1,CENTRO
43848,CL,MARCOS GOMEZ,2,12,CRISTO DE LA EPIDEMIA,1,CENTRO
43988,CL,MARIA,1,27,CRISTO DE LA EPIDEMIA,1,CENTRO
43988,CL,MARIA,29,61,OLLETAS,1,CENTRO
43988,CL,MARIA,2,34,CRISTO DE LA EPIDEMIA,1,CENTRO
43988,CL,MARIA,36,74,OLLETAS,1,CENTRO
44072,PL,MARIA GUERRERO,1,3,LA MERCED,1,CENTRO
44072,PL,MARIA GUERRERO,5,7,CENTRO HISTORICO,1,CENTRO
44072,PL,MARIA GUERRERO,2,2,LA MERCED,1,CENTRO
44072,PL,MARIA GUERRERO,4,6,CENTRO HISTORICO,1,CENTRO
44107,PJE,MARIA LA FARAONA,1,3,LA TRINIDAD,1,CENTRO
44107,PJE,MARIA LA FARAONA,2,2,LA TRINIDAD,1,CENTRO
38668,CL,MARIANA LA,1,23,SIERRA BLANQUILLA,1,CENTRO
38668,CL,MARIANA LA,2,18,SIERRA BLANQUILLA,1,CENTRO
44240,CL,MARIBLANCA,1,21,LA MERCED,1,CENTRO
44240,CL,MARIBLANCA,2,20,LA MERCED,1,CENTRO
44268,CL,MARIN GARCIA,1,11,CENTRO HISTORICO,1,CENTRO
44268,CL,MARIN GARCIA,2,14,CENTRO HISTORICO,1,CENTRO
30800,PL,MARINA DE LA,1,3,CENTRO HISTORICO,1,CENTRO
30800,PL,MARINA DE LA,5,5,PUERTO,1,CENTRO
30800,PL,MARINA DE LA,7,11,ENSANCHE CENTRO,1,CENTRO
30800,PL,MARINA DE LA,2,4,CENTRO HISTORICO,1,CENTRO
30800,PL,MARINA DE LA,6,6,PUERTO,1,CENTRO
30800,PL,MARINA DE LA,8,10,ENSANCHE CENTRO,1,CENTRO
44352,CL,MARISCAL,1,15,LA GOLETA,1,CENTRO
44352,CL,MARISCAL,2,28,LA GOLETA,1,CENTRO
44380,PSO,MARITIMO CIUDAD DE MELILLA,1,25,LA MALAGUETA,1,CENTRO
44380,PSO,MARITIMO CIUDAD DE MELILLA,2,12,LA MALAGUETA,1,CENTRO
60956,PSO,MARITIMO PABLO RUIZ PICASSO,1,5,LA MALAGUETA,1,CENTRO
60956,PSO,MARITIMO PABLO RUIZ PICASSO,7,41,LA CALETA,1,CENTRO
60956,PSO,MARITIMO PABLO RUIZ PICASSO,2,4,LA MALAGUETA,1,CENTRO
60956,PSO,MARITIMO PABLO RUIZ PICASSO,6,40,LA CALETA,1,CENTRO
44464,CL,MARMOLES,1,31,PERCHEL NORTE,1,CENTRO
44464,CL,MARMOLES,33,51,MARMOLES,1,CENTRO
44464,CL,MARMOLES,2,66,LA TRINIDAD,1,CENTRO
44492,PJE,MARMOLES,1,7,MARMOLES,1,CENTRO
44492,PJE,MARMOLES,2,10,MARMOLES,1,CENTRO
44520,CL,MARMOLISTA,1,13,PINARES DE OLLETAS,1,CENTRO
44520,CL,MARMOLISTA,2,18,PINARES DE OLLETAS,1,CENTRO
44576,CL,MARQUES,1,7,CENTRO HISTORICO,1,CENTRO
44576,CL,MARQUES,2,10,CENTRO HISTORICO,1,CENTRO
44604,CL,MARQUES DE CADIZ,1,41,EL MOLINILLO,1,CENTRO
44604,CL,MARQUES DE CADIZ,2,38,EL MOLINILLO,1,CENTRO
44604,CL,MARQUES DE CADIZ,40,60,CAPUCHINOS,1,CENTRO
44632,CL,MARQUES DE GUADIARO,1,9,CENTRO HISTORICO,1,CENTRO
44632,CL,MARQUES DE GUADIARO,2,8,CENTRO HISTORICO,1,CENTRO
44716,CL,MARQUES DE LARIOS,1,11,CENTRO HISTORICO,1,CENTRO
44716,CL,MARQUES DE LARIOS,2,18,CENTRO HISTORICO,1,CENTRO
44800,CL,MARQUES DE VALDECA�AS,1,9,LA GOLETA,1,CENTRO
44800,CL,MARQUES DE VALDECA�AS,2,10,LA GOLETA,1,CENTRO
21663,PJE,MARQUES DE VILLAFIEL,1,3,CENTRO HISTORICO,1,CENTRO
21663,PJE,MARQUES DE VILLAFIEL,2,4,CENTRO HISTORICO,1,CENTRO
44856,PL,MARQUES DEL VADO DEL MAESTRE,1,5,CENTRO HISTORICO,1,CENTRO
44856,PL,MARQUES DEL VADO DEL MAESTRE,2,6,CENTRO HISTORICO,1,CENTRO
44940,CL,MARQUESA DE MOYA,1,11,CENTRO HISTORICO,1,CENTRO
44940,CL,MARQUESA DE MOYA,2,4,CENTRO HISTORICO,1,CENTRO
44996,CL,MARRUECOS,1,31,SAN MIGUEL,1,CENTRO
44996,CL,MARRUECOS,2,26,SAN MIGUEL,1,CENTRO
45066,CL,MARTIN GALINDEZ,1,5,LA TRINIDAD,1,CENTRO
45066,CL,MARTIN GALINDEZ,2,6,LA TRINIDAD,1,CENTRO
45079,CL,MARTINETE,1,3,PERCHEL NORTE,1,CENTRO
45079,CL,MARTINETE,2,4,PERCHEL NORTE,1,CENTRO
45080,CL,MARTINEZ,1,11,CENTRO HISTORICO,1,CENTRO
45080,CL,MARTINEZ,2,24,CENTRO HISTORICO,1,CENTRO
45136,CL,MARTINEZ BARRIONUEVO,1,17,SEGALERVA,1,CENTRO
45136,CL,MARTINEZ BARRIONUEVO,2,26,EL MOLINILLO,1,CENTRO
45164,CL,MARTINEZ CAMPOS,1,19,ENSANCHE CENTRO,1,CENTRO
45164,CL,MARTINEZ CAMPOS,2,20,ENSANCHE CENTRO,1,CENTRO
45248,CL,MARTINEZ MALDONADO,1,11,MARMOLES,1,CENTRO
45248,CL,MARTINEZ MALDONADO,2,8,LA TRINIDAD,1,CENTRO
45276,CL,MARTIRES,1,17,CENTRO HISTORICO,1,CENTRO
45276,CL,MARTIRES,2,14,CENTRO HISTORICO,1,CENTRO
45283,PL,MARTIRES,1,13,CENTRO HISTORICO,1,CENTRO
45283,PL,MARTIRES,2,12,CENTRO HISTORICO,1,CENTRO
45472,PLLO,MATADERO,1,13,PLAZA DE TOROS VIEJA,1,CENTRO
45472,PLLO,MATADERO,15,17,PERCHEL SUR,1,CENTRO
45472,PLLO,MATADERO,2,14,PLAZA DE TOROS VIEJA,1,CENTRO
45472,PLLO,MATADERO,16,18,PERCHEL SUR,1,CENTRO
45584,CL,MATIAS LARA,1,1,CAMPOS ELISEOS,1,CENTRO
45584,CL,MATIAS LARA,2,2,CAMPOS ELISEOS,1,CENTRO
45598,PSO,MATIAS PRATS DE,1,3,LA MALAGUETA,1,CENTRO
45598,PSO,MATIAS PRATS DE,2,2,LA MALAGUETA,1,CENTRO
45696,CL,MAZARREDO,1,9,LA TRINIDAD,1,CENTRO
45696,CL,MAZARREDO,2,2,LA TRINIDAD,1,CENTRO
45738,CL,MEDELLIN,1,3,PERCHEL SUR,1,CENTRO
45738,CL,MEDELLIN,2,2,PERCHEL SUR,1,CENTRO
45752,CL,MEDINA CONDE,1,5,CENTRO HISTORICO,1,CENTRO
45752,CL,MEDINA CONDE,2,2,CENTRO HISTORICO,1,CENTRO
45808,CL,MEDORA,1,21,SIERRA BLANQUILLA,1,CENTRO
45808,CL,MEDORA,2,22,SIERRA BLANQUILLA,1,CENTRO
45836,PJE,MELENDEZ,1,7,SAN FELIPE NERI,1,CENTRO
45836,PJE,MELENDEZ,2,8,SAN FELIPE NERI,1,CENTRO
45864,CL,MELGAREJO,1,1,LAGUNILLAS,1,CENTRO
45864,CL,MELGAREJO,2,4,LAGUNILLAS,1,CENTRO
45920,CL,MENDEZ NU�EZ,1,11,CENTRO HISTORICO,1,CENTRO
45920,CL,MENDEZ NU�EZ,2,12,CENTRO HISTORICO,1,CENTRO
45976,PL,MENDIZABAL,1,5,CRISTO DE LA EPIDEMIA,1,CENTRO
45976,PL,MENDIZABAL,2,6,CRISTO DE LA EPIDEMIA,1,CENTRO
46111,PJE,MENTA DE LA,1,3,SAN FELIPE NERI,1,CENTRO
46111,PJE,MENTA DE LA,2,6,SAN FELIPE NERI,1,CENTRO
46172,CL,MERCED,1,1,LA MERCED,1,CENTRO
46172,CL,MERCED,2,2,LA MERCED,1,CENTRO
46172,CL,MERCED,4,4,LA VICTORIA,1,CENTRO
46200,PL,MERCED,1,7,CENTRO HISTORICO,1,CENTRO
46200,PL,MERCED,9,25,LA MERCED,1,CENTRO
46200,PL,MERCED,2,8,CENTRO HISTORICO,1,CENTRO
46200,PL,MERCED,10,26,LA MERCED,1,CENTRO
46312,CL,MESON DE VELEZ,1,1,CENTRO HISTORICO,1,CENTRO
46312,CL,MESON DE VELEZ,2,4,CENTRO HISTORICO,1,CENTRO
46396,CL,MEZQUITILLA,1,3,CENTRO HISTORICO,1,CENTRO
46396,CL,MEZQUITILLA,2,6,CENTRO HISTORICO,1,CENTRO
46536,CL,MIGUEL BUENO LARA,1,9,EL EJIDO,1,CENTRO
46536,CL,MIGUEL BUENO LARA,2,10,EL EJIDO,1,CENTRO
46567,PL,MIGUEL DE LOS REYES,1,7,LAGUNILLAS,1,CENTRO
46567,PL,MIGUEL DE LOS REYES,2,8,LAGUNILLAS,1,CENTRO
53116,CL,MIGUEL DE MOLINA,1,1,CAPUCHINOS,1,CENTRO
53116,CL,MIGUEL DE MOLINA,2,8,CAPUCHINOS,1,CENTRO
41748,CL,MIGUEL DE UNAMUNO,1,9,CAPUCHINOS,1,CENTRO
41748,CL,MIGUEL DE UNAMUNO,2,12,CAPUCHINOS,1,CENTRO
46592,CL,MIGUEL LAFUENTE,1,19,OLLETAS,1,CENTRO
46592,CL,MIGUEL LAFUENTE,2,14,OLLETAS,1,CENTRO
46748,CL,MIMOSAS,1,23,MONTE SANCHA,1,CENTRO
46748,CL,MIMOSAS,2,28,MONTE SANCHA,1,CENTRO
46872,CL,MINDANAO,1,11,LA TRINIDAD,1,CENTRO
46872,CL,MINDANAO,2,10,LA TRINIDAD,1,CENTRO
47236,CL,MIRAMAR,1,5,LA CALETA,1,CENTRO
47236,CL,MIRAMAR,2,6,LA CALETA,1,CENTRO
47369,PL,MISERICORDIA,1,11,PERCHEL SUR,1,CENTRO
47369,PL,MISERICORDIA,2,10,PERCHEL SUR,1,CENTRO
47376,CL,MITJANA,1,5,CRISTO DE LA EPIDEMIA,1,CENTRO
47376,CL,MITJANA,2,10,CRISTO DE LA EPIDEMIA,1,CENTRO
47404,PJE,MITJANA,1,5,CENTRO HISTORICO,1,CENTRO
47404,PJE,MITJANA,2,4,CENTRO HISTORICO,1,CENTRO
47516,CL,MOLINA LARIO,1,15,CENTRO HISTORICO,1,CENTRO
47516,CL,MOLINA LARIO,2,24,CENTRO HISTORICO,1,CENTRO
47544,CL,MOLINILLO DEL ACEITE,1,19,LA GOLETA,1,CENTRO
47544,CL,MOLINILLO DEL ACEITE,2,14,LA GOLETA,1,CENTRO
47572,CL,MOLINO,1,15,OLLETAS,1,CENTRO
47572,CL,MOLINO,2,4,OLLETAS,1,CENTRO
47712,CL,MOLINO DE SAN TELMO,1,3,OLLETAS,1,CENTRO
47712,CL,MOLINO DE SAN TELMO,2,18,PINARES DE OLLETAS,1,CENTRO
47827,PJE,MOLL DE,1,1,PLAZA DE TOROS VIEJA,1,CENTRO
47827,PJE,MOLL DE,2,4,PLAZA DE TOROS VIEJA,1,CENTRO
48153,PJE,MONTAIGNE,1,3,LOS ANTONIOS,1,CENTRO
48153,PJE,MONTAIGNE,2,4,LOS ANTONIOS,1,CENTRO
48132,CL,MONTALBAN,1,13,PERCHEL SUR,1,CENTRO
48132,CL,MONTALBAN,2,10,PERCHEL SUR,1,CENTRO
48272,CL,MONTA�O,1,19,LA MERCED,1,CENTRO
48272,CL,MONTA�O,2,18,LA MERCED,1,CENTRO
48286,PL,MONTA�O,1,9,LA MERCED,1,CENTRO
48286,PL,MONTA�O,2,8,LA MERCED,1,CENTRO
48314,CL,MONTE,1,3,BARCENILLAS,1,CENTRO
48314,CL,MONTE,2,4,BARCENILLAS,1,CENTRO
48328,CMNO,MONTE,1,21,MONTE SANCHA,1,CENTRO
48328,CMNO,MONTE,23,25,CA�ADA DE LOS INGLESES,1,CENTRO
48328,CMNO,MONTE,2,20,MONTE SANCHA,1,CENTRO
48328,CMNO,MONTE,22,34,CA�ADA DE LOS INGLESES,1,CENTRO
48412,CL,MONTE DE SANCHA,1,45,MONTE SANCHA,1,CENTRO
48412,CL,MONTE DE SANCHA,2,38,MONTE SANCHA,1,CENTRO
48538,PJE,MONTE DE SANCHA,1,7,MONTE SANCHA,1,CENTRO
48538,PJE,MONTE DE SANCHA,2,6,MONTE SANCHA,1,CENTRO
48552,SBDA,MONTE VICTORIA,1,11,CONDE DE URE�A,1,CENTRO
48552,SBDA,MONTE VICTORIA,2,18,CONDE DE URE�A,1,CENTRO
48356,PL,MONTES,1,5,LA TRINIDAD,1,CENTRO
48356,PL,MONTES,2,4,LA TRINIDAD,1,CENTRO
48720,CL,MONTES DE OCA,1,21,MARMOLES,1,CENTRO
48720,CL,MONTES DE OCA,2,20,MARMOLES,1,CENTRO
48916,CL,MONTSERRAT,1,73,SAN MIGUEL,1,CENTRO
48916,CL,MONTSERRAT,2,74,SAN MIGUEL,1,CENTRO
49168,CL,MORATIN,1,5,CENTRO HISTORICO,1,CENTRO
49168,CL,MORATIN,2,4,CENTRO HISTORICO,1,CENTRO
49196,CL,MORENO CARBONERO,1,11,CENTRO HISTORICO,1,CENTRO
49196,CL,MORENO CARBONERO,2,10,CENTRO HISTORICO,1,CENTRO
49224,CL,MORENO MONROY,1,7,CENTRO HISTORICO,1,CENTRO
49224,CL,MORENO MONROY,2,8,CENTRO HISTORICO,1,CENTRO
49504,CL,MOSQUERA,1,11,CENTRO HISTORICO,1,CENTRO
49504,CL,MOSQUERA,2,8,CENTRO HISTORICO,1,CENTRO
49560,CL,MOYA,1,35,SAN MIGUEL,1,CENTRO
49560,CL,MOYA,2,38,SAN MIGUEL,1,CENTRO
49700,CL,MUNDO NUEVO,1,3,LA VICTORIA,1,CENTRO
49700,CL,MUNDO NUEVO,2,2,LA VICTORIA,1,CENTRO
49784,CL,MU�OZ TORRERO,1,1,PERCHEL NORTE,1,CENTRO
49784,CL,MU�OZ TORRERO,2,4,PERCHEL NORTE,1,CENTRO
49840,CL,MURILLO,1,13,EL MOLINILLO,1,CENTRO
49840,CL,MURILLO,2,14,EL MOLINILLO,1,CENTRO
49896,CL,MURO DE LAS CATALINAS,1,11,CENTRO HISTORICO,1,CENTRO
49896,CL,MURO DE LAS CATALINAS,2,18,CENTRO HISTORICO,1,CENTRO
49924,CL,MURO DE PUERTA NUEVA,1,9,CENTRO HISTORICO,1,CENTRO
49924,CL,MURO DE PUERTA NUEVA,2,14,CENTRO HISTORICO,1,CENTRO
49952,CL,MURO DE SAN JULIAN,1,33,CENTRO HISTORICO,1,CENTRO
49952,CL,MURO DE SAN JULIAN,2,18,CENTRO HISTORICO,1,CENTRO
21511,JDIN,MUSICO MANUEL DEL CAMPO,1,1,EL EJIDO,1,CENTRO
21511,JDIN,MUSICO MANUEL DEL CAMPO,2,2,EL EJIDO,1,CENTRO
50246,CL,NARCISO PEREZ TEXEIRA,1,9,MARMOLES,1,CENTRO
50246,CL,NARCISO PEREZ TEXEIRA,2,18,MARMOLES,1,CENTRO
50274,CL,NAVALON,1,3,ENSANCHE CENTRO,1,CENTRO
50274,CL,NAVALON,2,4,ENSANCHE CENTRO,1,CENTRO
50400,CL,NAVAS DE TOLOSA,1,31,LA CALETA,1,CENTRO
50400,CL,NAVAS DE TOLOSA,2,10,LA CALETA,1,CENTRO
50460,CL,NAZARENO DEL PASO,1,1,PERCHEL NORTE,1,CENTRO
50460,CL,NAZARENO DEL PASO,2,2,PERCHEL NORTE,1,CENTRO
40936,CL,NEGROS LOS,1,5,EL EJIDO,1,CENTRO
40936,CL,NEGROS LOS,2,6,EL EJIDO,1,CENTRO
50652,CL,NICASIO CALLE,1,5,CENTRO HISTORICO,1,CENTRO
50652,CL,NICASIO CALLE,2,4,CENTRO HISTORICO,1,CENTRO
50848,CL,NI�O DE GUEVARA,1,3,CENTRO HISTORICO,1,CENTRO
50848,CL,NI�O DE GUEVARA,2,8,CENTRO HISTORICO,1,CENTRO
51002,PJE,NOBLEJAS,1,9,PERCHEL SUR,1,CENTRO
51002,PJE,NOBLEJAS,2,10,PERCHEL SUR,1,CENTRO
51100,CL,NOSQUERA,1,19,CENTRO HISTORICO,1,CENTRO
51100,CL,NOSQUERA,2,20,CENTRO HISTORICO,1,CENTRO
18396,PJE,NTRA SRA DE LOS DOLORES DE SAN JUAN,1,7,CENTRO HISTORICO,1,CENTRO
18396,PJE,NTRA SRA DE LOS DOLORES DE SAN JUAN,2,6,CENTRO HISTORICO,1,CENTRO
13230,PL,NUESTRA SE�ORA DE LA SOLEDAD,1,7,LA TRINIDAD,1,CENTRO
13230,PL,NUESTRA SE�ORA DE LA SOLEDAD,2,6,LA TRINIDAD,1,CENTRO
51408,CL,NUEVA,1,29,CENTRO HISTORICO,1,CENTRO
51408,CL,NUEVA,2,44,CENTRO HISTORICO,1,CENTRO
51520,CL,NUMANCIA,1,41,EL EJIDO,1,CENTRO
51520,CL,NUMANCIA,2,12,EL EJIDO,1,CENTRO
51576,CL,NU�O GOMEZ,1,33,LA GOLETA,1,CENTRO
51576,CL,NU�O GOMEZ,2,38,LA GOLETA,1,CENTRO
51604,PL,OBISPO,1,5,CENTRO HISTORICO,1,CENTRO
51604,PL,OBISPO,2,6,CENTRO HISTORICO,1,CENTRO
51698,CL,OBISPO FERNANDEZ DE CORDOVA,1,5,PINARES DE OLLETAS,1,CENTRO
51698,CL,OBISPO FERNANDEZ DE CORDOVA,2,4,PINARES DE OLLETAS,1,CENTRO
51716,CL,OBISPO GONZALEZ GARCIA,1,31,OLLETAS,1,CENTRO
51716,CL,OBISPO GONZALEZ GARCIA,2,2,CRISTO DE LA EPIDEMIA,1,CENTRO
51716,CL,OBISPO GONZALEZ GARCIA,4,22,OLLETAS,1,CENTRO
51716,CL,OBISPO GONZALEZ GARCIA,24,26,SEMINARIO,1,CENTRO
51730,PJE,OBISPO GONZALEZ GARCIA,1,7,OLLETAS,1,CENTRO
51730,PJE,OBISPO GONZALEZ GARCIA,2,8,OLLETAS,1,CENTRO
51774,CL,OBISPO SALVADOR DE LOS REYES,2,14,PINARES DE OLLETAS,1,CENTRO
52066,CJON,OLLERIA DE LA,1,7,EL MOLINILLO,1,CENTRO
52066,CJON,OLLERIA DE LA,2,2,EL MOLINILLO,1,CENTRO
52052,CL,OLLERIAS,1,79,LA GOLETA,1,CENTRO
52052,CL,OLLERIAS,2,2,LA GOLETA,1,CENTRO
52052,CL,OLLERIAS,4,58,SAN FELIPE NERI,1,CENTRO
52080,CL,OLLETAS,1,3,PINARES DE OLLETAS,1,CENTRO
52080,CL,OLLETAS,2,16,OLLETAS,1,CENTRO
52094,PJE,OLLETAS,1,5,OLLETAS,1,CENTRO
52094,PJE,OLLETAS,2,8,OLLETAS,1,CENTRO
52108,PL,OLLETAS,1,7,OLLETAS,1,CENTRO
52108,PL,OLLETAS,2,8,OLLETAS,1,CENTRO
52164,CL,OLOZAGA,1,7,CENTRO HISTORICO,1,CENTRO
52164,CL,OLOZAGA,2,12,CENTRO HISTORICO,1,CENTRO
52248,CL,ORDO�EZ,1,3,CENTRO HISTORICO,1,CENTRO
52248,CL,ORDO�EZ,2,4,CENTRO HISTORICO,1,CENTRO
52640,CL,OVANDO,1,3,CAMPOS ELISEOS,1,CENTRO
52640,CL,OVANDO,2,2,CA�ADA DE LOS INGLESES,1,CENTRO
21592,GTA,PABLO PINEDA FERRER,1,1,PINARES DE OLLETAS,1,CENTRO
21592,GTA,PABLO PINEDA FERRER,2,2,PINARES DE OLLETAS,1,CENTRO
21861,PL,PACO MARQUEZ,1,5,LA TRINIDAD,1,CENTRO
21861,PL,PACO MARQUEZ,2,4,LA TRINIDAD,1,CENTRO
52752,CL,PACO MIRANDA,1,25,EL EJIDO,1,CENTRO
52752,CL,PACO MIRANDA,27,35,OLLETAS,1,CENTRO
52752,CL,PACO MIRANDA,2,20,CRISTO DE LA EPIDEMIA,1,CENTRO
52752,CL,PACO MIRANDA,22,32,OLLETAS,1,CENTRO
27146,CL,PADRE ISLA,1,9,MONTE SANCHA,1,CENTRO
27146,CL,PADRE ISLA,2,8,MONTE SANCHA,1,CENTRO
52906,CL,PADRE JORGE LAMOTHE,1,5,PERCHEL NORTE,1,CENTRO
52906,CL,PADRE JORGE LAMOTHE,2,12,PERCHEL NORTE,1,CENTRO
52976,CL,PADRE MARIANA,1,7,CRISTO DE LA EPIDEMIA,1,CENTRO
52976,CL,PADRE MARIANA,2,8,CRISTO DE LA EPIDEMIA,1,CENTRO
53004,CL,PADRE MIGUEL SANCHEZ,1,5,LA TRINIDAD,1,CENTRO
53004,CL,PADRE MIGUEL SANCHEZ,2,14,LA TRINIDAD,1,CENTRO
53018,CL,PADRE MONDEJAR,1,7,EL EJIDO,1,CENTRO
53018,CL,PADRE MONDEJAR,2,4,EL EJIDO,1,CENTRO
53480,CL,PANADEROS,1,31,CENTRO HISTORICO,1,CENTRO
53480,CL,PANADEROS,2,26,CENTRO HISTORICO,1,CENTRO
53662,CL,PARAGUAY,1,3,LA MALAGUETA,1,CENTRO
53662,CL,PARAGUAY,2,6,LA MALAGUETA,1,CENTRO
53788,CL,PARDO BAZAN,1,1,SAN FELIPE NERI,1,CENTRO
53788,CL,PARDO BAZAN,2,8,SAN FELIPE NERI,1,CENTRO
11977,PSO,PARQUE,1,1,ENSANCHE CENTRO,1,CENTRO
11977,PSO,PARQUE,2,2,ENSANCHE CENTRO,1,CENTRO
53928,CL,PARRAS,1,39,SAN FELIPE NERI,1,CENTRO
53928,CL,PARRAS,2,50,SAN FELIPE NERI,1,CENTRO
53942,CL,PARROCO DON JUAN ESTRADA CASTRO,1,3,EL EJIDO,1,CENTRO
53942,CL,PARROCO DON JUAN ESTRADA CASTRO,2,2,EL EJIDO,1,CENTRO
23455,CL,PARROCO RUIZ FUREST,1,5,EL EJIDO,1,CENTRO
23455,CL,PARROCO RUIZ FUREST,2,2,CRISTO DE LA EPIDEMIA,1,CENTRO
53956,CL,PASCUAL GAYANGOS,1,9,SEGALERVA,1,CENTRO
53956,CL,PASCUAL GAYANGOS,2,20,SEGALERVA,1,CENTRO
54012,AV,PASCUEROS,1,5,PINARES DE OLLETAS,1,CENTRO
54012,AV,PASCUEROS,2,4,PINARES DE OLLETAS,1,CENTRO
54012,AV,PASCUEROS,6,10,SANTA AMALIA,1,CENTRO
54096,CL,PASTORA,1,3,CENTRO HISTORICO,1,CENTRO
54096,CL,PASTORA,2,6,CENTRO HISTORICO,1,CENTRO
54180,ALMD,PATROCINIO,1,5,SAN MIGUEL,1,CENTRO
54180,ALMD,PATROCINIO,2,12,OLLETAS,1,CENTRO
54194,PL,PATROCINIO,1,13,SAN MIGUEL,1,CENTRO
54194,PL,PATROCINIO,15,19,OLLETAS,1,CENTRO
54194,PL,PATROCINIO,2,12,SAN MIGUEL,1,CENTRO
54194,PL,PATROCINIO,14,20,OLLETAS,1,CENTRO
54198,PL,PAULA LA,1,5,EL EJIDO,1,CENTRO
54198,PL,PAULA LA,2,6,EL EJIDO,1,CENTRO
54259,CL,PAVIA,1,3,PERCHEL SUR,1,CENTRO
54259,CL,PAVIA,2,2,PERCHEL SUR,1,CENTRO
54516,CL,PEDRO DE DEZA,1,7,OLLETAS,1,CENTRO
54516,CL,PEDRO DE DEZA,2,10,OLLETAS,1,CENTRO
54782,CL,PEDRO DE MENA,1,1,ENSANCHE CENTRO,1,CENTRO
54782,CL,PEDRO DE MENA,2,4,ENSANCHE CENTRO,1,CENTRO
54600,CL,PEDRO DE QUEJANA,1,17,CONDE DE URE�A,1,CENTRO
54600,CL,PEDRO DE QUEJANA,2,20,CONDE DE URE�A,1,CENTRO
54628,CL,PEDRO DE TOLEDO,1,5,CENTRO HISTORICO,1,CENTRO
54628,CL,PEDRO DE TOLEDO,2,8,CENTRO HISTORICO,1,CENTRO
54824,CL,PEDRO MOLINA,1,7,LA VICTORIA,1,CENTRO
54824,CL,PEDRO MOLINA,2,10,LA VICTORIA,1,CENTRO
54936,CL,PEINADO,1,21,SEGALERVA,1,CENTRO
54936,CL,PEINADO,2,42,SEGALERVA,1,CENTRO
54992,CL,PELAYO,2,26,LA TRINIDAD,1,CENTRO
55076,CL,PELLISSO,1,13,OLLETAS,1,CENTRO
55076,CL,PELLISSO,2,16,OLLETAS,1,CENTRO
55132,CL,PE�A,1,27,LA MERCED,1,CENTRO
55132,CL,PE�A,2,34,LA MERCED,1,CENTRO
55202,CL,PEPE ESTRADA,1,11,CAPUCHINOS,1,CENTRO
55202,CL,PEPE ESTRADA,2,18,CAPUCHINOS,1,CENTRO
55235,PL,PEPE MENA,1,5,SAN FELIPE NERI,1,CENTRO
55235,PL,PEPE MENA,2,6,SAN FELIPE NERI,1,CENTRO
21766,PL,PEPITO VARGAS,1,1,LA TRINIDAD,1,CENTRO
21766,PL,PEPITO VARGAS,2,2,LA TRINIDAD,1,CENTRO
55496,CL,PEREGRINO,1,35,PERCHEL SUR,1,CENTRO
55496,CL,PEREGRINO,2,60,PERCHEL SUR,1,CENTRO
55524,CL,PEREZ DE CASTRO,1,9,CAPUCHINOS,1,CENTRO
55524,CL,PEREZ DE CASTRO,2,8,SEGALERVA,1,CENTRO
55664,CJON,PERICON,1,1,CENTRO HISTORICO,1,CENTRO
55664,CJON,PERICON,2,4,CENTRO HISTORICO,1,CENTRO
55678,CL,PERIODISTA JUANITO CORTES,1,31,OLLETAS,1,CENTRO
55678,CL,PERIODISTA JUANITO CORTES,2,24,OLLETAS,1,CENTRO
55681,CL,PERIODISTA LEOVIGILDO CABALLERO GUTIERREZ,1,3,LA MALAGUETA,1,CENTRO
55681,CL,PERIODISTA LEOVIGILDO CABALLERO GUTIERREZ,2,2,LA MALAGUETA,1,CENTRO
55860,CL,PESO DE LA HARINA,1,25,MARMOLES,1,CENTRO
55860,CL,PESO DE LA HARINA,2,28,MARMOLES,1,CENTRO
55944,CL,PICACHO,1,9,LA VICTORIA,1,CENTRO
55944,CL,PICACHO,2,16,LA VICTORIA,1,CENTRO
55972,CL,PICADOR,1,5,CENTRO HISTORICO,1,CENTRO
55972,CL,PICADOR,2,4,CENTRO HISTORICO,1,CENTRO
56420,CL,PINILLOS,1,11,LAGUNILLAS,1,CENTRO
56420,CL,PINILLOS,2,12,LAGUNILLAS,1,CENTRO
56560,CL,PINOS,1,5,BARCENILLAS,1,CENTRO
56560,CL,PINOS,2,14,LA VICTORIA,1,CENTRO
56588,CL,PINOSOL,1,23,BARCENILLAS,1,CENTRO
56588,CL,PINOSOL,2,54,BARCENILLAS,1,CENTRO
56658,CL,PINTOR CASILARI ROLDAN,1,3,LA MALAGUETA,1,CENTRO
56658,CL,PINTOR CASILARI ROLDAN,2,2,LA MALAGUETA,1,CENTRO
21708,PL,PINTOR EUGENIO CHICANO,1,9,CENTRO HISTORICO,1,CENTRO
21708,PL,PINTOR EUGENIO CHICANO,2,8,CENTRO HISTORICO,1,CENTRO
56742,CL,PINTOR FRANCISCO BOIGAS AGUILAR,1,93,LA MANIA,1,CENTRO
56742,CL,PINTOR FRANCISCO BOIGAS AGUILAR,2,78,LA MANIA,1,CENTRO
56798,CL,PINTOR GUERRERO DEL CASTILLO,1,1,LA MALAGUETA,1,CENTRO
56798,CL,PINTOR GUERRERO DEL CASTILLO,2,2,LA MALAGUETA,1,CENTRO
56966,CL,PINTOR MARTINEZ VIREL,1,1,LA MALAGUETA,1,CENTRO
56966,CL,PINTOR MARTINEZ VIREL,2,4,LA MALAGUETA,1,CENTRO
57022,TV,PINTOR NOGALES,1,1,CENTRO HISTORICO,1,CENTRO
57022,TV,PINTOR NOGALES,2,2,CENTRO HISTORICO,1,CENTRO
57120,CL,PINZON,1,7,ENSANCHE CENTRO,1,CENTRO
57120,CL,PINZON,2,12,ENSANCHE CENTRO,1,CENTRO
57288,CL,PITO,1,7,CENTRO HISTORICO,1,CENTRO
57288,CL,PITO,2,6,CENTRO HISTORICO,1,CENTRO
57292,PJE,PIYAYO EL,1,1,LA GOLETA,1,CENTRO
57292,PJE,PIYAYO EL,2,12,LA GOLETA,1,CENTRO
57358,CL,PIZARRO,1,21,LA TRINIDAD,1,CENTRO
57358,CL,PIZARRO,2,16,LA TRINIDAD,1,CENTRO
57624,CL,PLAZA DE TOROS VIEJA,1,13,PLAZA DE TOROS VIEJA,1,CENTRO
57624,CL,PLAZA DE TOROS VIEJA,15,23,PERCHEL SUR,1,CENTRO
57624,CL,PLAZA DE TOROS VIEJA,2,12,PLAZA DE TOROS VIEJA,1,CENTRO
57624,CL,PLAZA DE TOROS VIEJA,14,28,PERCHEL SUR,1,CENTRO
57632,PL,POETA ALFONSO CANALES,1,5,ENSANCHE CENTRO,1,CENTRO
57632,PL,POETA ALFONSO CANALES,2,6,ENSANCHE CENTRO,1,CENTRO
14763,CL,POETA CONCHA MENDEZ,1,3,LAGUNILLAS,1,CENTRO
14763,CL,POETA CONCHA MENDEZ,2,6,LAGUNILLAS,1,CENTRO
57652,CL,POETA LUQUE GUTIERREZ,1,11,LAGUNILLAS,1,CENTRO
57652,CL,POETA LUQUE GUTIERREZ,2,8,LAGUNILLAS,1,CENTRO
57681,PL,POETA MANUEL ALCANTARA,1,1,PERCHEL NORTE,1,CENTRO
57681,PL,POETA MANUEL ALCANTARA,2,2,PERCHEL SUR,1,CENTRO
57686,PJE,POETA SAFO DE LESBOS,1,1,LA VICTORIA,1,CENTRO
57686,PJE,POETA SAFO DE LESBOS,2,2,LA VICTORIA,1,CENTRO
57736,CL,POLVORISTA,1,3,PERCHEL NORTE,1,CENTRO
57736,CL,POLVORISTA,2,4,PERCHEL NORTE,1,CENTRO
58072,CL,PORTAZGO,1,13,OLLETAS,1,CENTRO
58072,CL,PORTAZGO,2,16,OLLETAS,1,CENTRO
58128,CL,POSTIGO DE ARANCE,1,17,LA GOLETA,1,CENTRO
58128,CL,POSTIGO DE ARANCE,2,16,LA GOLETA,1,CENTRO
58212,CL,POSTIGO DE JUAN BOYERO,1,9,CAPUCHINOS,1,CENTRO
58212,CL,POSTIGO DE JUAN BOYERO,2,10,CAPUCHINOS,1,CENTRO
58156,CL,POSTIGO DE LOS ABADES,1,3,CENTRO HISTORICO,1,CENTRO
58156,CL,POSTIGO DE LOS ABADES,2,6,CENTRO HISTORICO,1,CENTRO
58184,CL,POSTIGO DE SAN JUAN,1,5,CENTRO HISTORICO,1,CENTRO
58184,CL,POSTIGO DE SAN JUAN,2,2,CENTRO HISTORICO,1,CENTRO
58240,CL,POSTIGO SAN AGUSTIN,1,9,CENTRO HISTORICO,1,CENTRO
58240,CL,POSTIGO SAN AGUSTIN,2,2,CENTRO HISTORICO,1,CENTRO
58268,CL,POSTIGOS,1,43,SAN FELIPE NERI,1,CENTRO
58268,CL,POSTIGOS,2,40,CAPUCHINOS,1,CENTRO
58324,CL,POZO DEL REY,1,7,CENTRO HISTORICO,1,CENTRO
58324,CL,POZO DEL REY,2,4,CENTRO HISTORICO,1,CENTRO
58380,CL,POZOS DULCES,1,31,CENTRO HISTORICO,1,CENTRO
58380,CL,POZOS DULCES,2,34,CENTRO HISTORICO,1,CENTRO
58604,CL,PRIEGO,1,9,PERCHEL NORTE,1,CENTRO
58604,CL,PRIEGO,2,8,PERCHEL NORTE,1,CENTRO
58632,AV,PRIES,1,15,CA�ADA DE LOS INGLESES,1,CENTRO
58632,AV,PRIES,2,32,LA CALETA,1,CENTRO
58660,CL,PRIM,1,3,CENTRO HISTORICO,1,CENTRO
58660,CL,PRIM,2,4,CENTRO HISTORICO,1,CENTRO
30884,ALMD,PRINCIPAL,1,53,ENSANCHE CENTRO,1,CENTRO
30884,ALMD,PRINCIPAL,2,44,CENTRO HISTORICO,1,CENTRO
59024,CL,PUENTE,1,11,PERCHEL NORTE,1,CENTRO
59024,CL,PUENTE,2,10,PERCHEL NORTE,1,CENTRO
59027,PNTE,PUENTE DE ANTONIO MACHADO,2,2,PLAZA DE TOROS VIEJA,1,CENTRO
59030,PNTE,PUENTE DE ARMI�AN,1,1,LA GOLETA,1,CENTRO
59030,PNTE,PUENTE DE ARMI�AN,2,2,EL MOLINILLO,1,CENTRO
59040,PNTE,PUENTE DE LA AURORA,1,1,CENTRO HISTORICO,1,CENTRO
59040,PNTE,PUENTE DE LA AURORA,2,2,LA GOLETA,1,CENTRO
59046,PNTE,PUENTE DE LA ESPERANZA,1,1,CENTRO HISTORICO,1,CENTRO
59046,PNTE,PUENTE DE LA ESPERANZA,2,2,CENTRO HISTORICO,1,CENTRO
59049,PNTE,PUENTE DE LA MISERICORDIA,1,1,ENSANCHE CENTRO,1,CENTRO
59049,PNTE,PUENTE DE LA MISERICORDIA,2,2,ENSANCHE CENTRO,1,CENTRO
59056,PNTE,PUENTE DE LA TRINIDAD,1,1,CENTRO HISTORICO,1,CENTRO
59056,PNTE,PUENTE DE LA TRINIDAD,2,2,CENTRO HISTORICO,1,CENTRO
59099,PNTE,PUENTE DE SANTO DOMINGO,1,1,CENTRO HISTORICO,1,CENTRO
59099,PNTE,PUENTE DE SANTO DOMINGO,2,2,CENTRO HISTORICO,1,CENTRO
59103,PNTE,PUENTE DE TETUAN,1,1,PERCHEL NORTE,1,CENTRO
59103,PNTE,PUENTE DE TETUAN,2,2,PERCHEL SUR,1,CENTRO
59105,PNTE,PUENTE DEL CARMEN,1,1,PLAZA DE TOROS VIEJA,1,CENTRO
59105,PNTE,PUENTE DEL CARMEN,2,2,PLAZA DE TOROS VIEJA,1,CENTRO
59106,PNTE,PUENTE DEL PERCHEL,1,1,ENSANCHE CENTRO,1,CENTRO
59106,PNTE,PUENTE DEL PERCHEL,2,2,ENSANCHE CENTRO,1,CENTRO
59164,CL,PUERTA BUENAVENTURA,1,3,CENTRO HISTORICO,1,CENTRO
59164,CL,PUERTA BUENAVENTURA,2,6,CENTRO HISTORICO,1,CENTRO
59136,CL,PUERTA DE ANTEQUERA,1,1,CENTRO HISTORICO,1,CENTRO
59136,CL,PUERTA DE ANTEQUERA,2,4,CENTRO HISTORICO,1,CENTRO
59192,CL,PUERTA DEL MAR,1,15,CENTRO HISTORICO,1,CENTRO
59192,CL,PUERTA DEL MAR,2,20,CENTRO HISTORICO,1,CENTRO
59220,CL,PUERTA NUEVA,1,5,CENTRO HISTORICO,1,CENTRO
59220,CL,PUERTA NUEVA,2,4,CENTRO HISTORICO,1,CENTRO
59248,CL,PUERTO,1,15,LA MALAGUETA,1,CENTRO
59248,CL,PUERTO,2,14,LA MALAGUETA,1,CENTRO
59304,CL,PUERTO PAREJO,1,7,CRISTO DE LA EPIDEMIA,1,CENTRO
59304,CL,PUERTO PAREJO,9,19,EL EJIDO,1,CENTRO
59304,CL,PUERTO PAREJO,2,18,CRISTO DE LA EPIDEMIA,1,CENTRO
59444,CL,PULIDERO,1,9,PERCHEL NORTE,1,CENTRO
59444,CL,PULIDERO,2,4,PERCHEL NORTE,1,CENTRO
59500,CL,PURIFICACION,1,9,LA GOLETA,1,CENTRO
59500,CL,PURIFICACION,2,10,LA GOLETA,1,CENTRO
22204,CL,RAFAEL PEREZ ESTRADA,2,6,LA CALETA,1,CENTRO
60074,CL,RAMAL DE MONTE SANCHA,1,29,MONTE SANCHA,1,CENTRO
60074,CL,RAMAL DE MONTE SANCHA,2,32,MONTE SANCHA,1,CENTRO
60284,CL,RAMIREZ DE MADRID,1,9,OLLETAS,1,CENTRO
60284,CL,RAMIREZ DE MADRID,2,16,OLLETAS,1,CENTRO
60340,CL,RAMON FRANQUELO,1,7,CENTRO HISTORICO,1,CENTRO
60340,CL,RAMON FRANQUELO,2,12,CENTRO HISTORICO,1,CENTRO
60424,CL,RAMOS MARIN,1,5,LA MERCED,1,CENTRO
60424,CL,RAMOS MARIN,2,4,LA MERCED,1,CENTRO
60466,CL,RAMPA DE LA AURORA,1,3,LA TRINIDAD,1,CENTRO
60466,CL,RAMPA DE LA AURORA,2,2,LA TRINIDAD,1,CENTRO
60501,CL,RAYITO,1,5,LAGUNILLAS,1,CENTRO
60501,CL,RAYITO,2,2,LAGUNILLAS,1,CENTRO
60676,CL,REDING,1,23,LA MALAGUETA,1,CENTRO
60676,CL,REDING,2,14,LA MALAGUETA,1,CENTRO
60704,PSO,REDING,1,47,CAMPOS ELISEOS,1,CENTRO
60704,PSO,REDING,49,53,CA�ADA DE LOS INGLESES,1,CENTRO
60704,PSO,REDING,2,20,LA MALAGUETA,1,CENTRO
60704,PSO,REDING,22,26,LA CALETA,1,CENTRO
60760,CL,REFINO,1,37,LA MERCED,1,CENTRO
60760,CL,REFINO,2,28,EL EJIDO,1,CENTRO
38752,CL,REGENTE LA,1,39,LA TRINIDAD,1,CENTRO
38752,CL,REGENTE LA,2,28,LA TRINIDAD,1,CENTRO
60788,CL,REGIMIENTO,1,25,CAPUCHINOS,1,CENTRO
60788,CL,REGIMIENTO,2,22,CAPUCHINOS,1,CENTRO
60967,PL,RELIGIOSA FILIPENSE DOLORES MARQUEZ,1,1,PERCHEL NORTE,1,CENTRO
60967,PL,RELIGIOSA FILIPENSE DOLORES MARQUEZ,2,2,PERCHEL NORTE,1,CENTRO
61068,CL,REPESO,1,1,ENSANCHE CENTRO,1,CENTRO
61068,CL,REPESO,2,6,ENSANCHE CENTRO,1,CENTRO
61222,CL,RIBERA DEL GUADALMEDINA,1,3,LA TRINIDAD,1,CENTRO
61222,CL,RIBERA DEL GUADALMEDINA,2,2,LA TRINIDAD,1,CENTRO
61463,CL,RIO AVIA,1,1,MARMOLES,1,CENTRO
61463,CL,RIO AVIA,2,6,MARMOLES,1,CENTRO
61497,PJE,RIO FERREIRA,1,1,MARMOLES,1,CENTRO
61497,PJE,RIO FERREIRA,2,4,MARMOLES,1,CENTRO
61559,CL,RIO PARGA,1,1,PERCHEL SUR,1,CENTRO
61559,CL,RIO PARGA,2,4,PERCHEL SUR,1,CENTRO
61488,CL,RIOS ROSAS,1,7,PERCHEL NORTE,1,CENTRO
61488,CL,RIOS ROSAS,9,13,MARMOLES,1,CENTRO
61488,CL,RIOS ROSAS,2,6,PERCHEL NORTE,1,CENTRO
61488,CL,RIOS ROSAS,8,10,MARMOLES,1,CENTRO
61628,CL,RITA LUNA,1,7,PERCHEL NORTE,1,CENTRO
61628,CL,RITA LUNA,2,2,PERCHEL NORTE,1,CENTRO
62048,CL,RODRIGO DE ULLOA,1,11,OLLETAS,1,CENTRO
62048,CL,RODRIGO DE ULLOA,2,18,CRISTO DE LA EPIDEMIA,1,CENTRO
62104,CL,RODRIGUEZ,1,15,SAN MIGUEL,1,CENTRO
62104,CL,RODRIGUEZ,2,12,SAN MIGUEL,1,CENTRO
62132,CL,RODRIGUEZ CANSINO,1,3,CONDE DE URE�A,1,CENTRO
62132,CL,RODRIGUEZ CANSINO,2,4,CONDE DE URE�A,1,CENTRO
62146,CL,RODRIGUEZ DE BERLANGA,1,3,CRISTO DE LA EPIDEMIA,1,CENTRO
62146,CL,RODRIGUEZ DE BERLANGA,2,4,CRISTO DE LA EPIDEMIA,1,CENTRO
62216,CL,RODRIGUEZ RUBI,1,3,CENTRO HISTORICO,1,CENTRO
62216,CL,RODRIGUEZ RUBI,2,2,CENTRO HISTORICO,1,CENTRO
62272,CL,ROJAS,1,69,SAN MIGUEL,1,CENTRO
62272,CL,ROJAS,2,56,SAN MIGUEL,1,CENTRO
62300,CL,ROJAS CLEMENTE,1,35,CAPUCHINOS,1,CENTRO
62300,CL,ROJAS CLEMENTE,2,36,CAPUCHINOS,1,CENTRO
62342,CL,ROMA,1,1,ENSANCHE CENTRO,1,CENTRO
62342,CL,ROMA,2,2,ENSANCHE CENTRO,1,CENTRO
62608,CL,ROQUE GARCIA,1,1,LAGUNILLAS,1,CENTRO
62608,CL,ROQUE GARCIA,2,2,LAGUNILLAS,1,CENTRO
62664,PL,ROSA,1,9,EL EJIDO,1,CENTRO
62664,PL,ROSA,2,10,EL EJIDO,1,CENTRO
62944,CL,ROSAL,1,5,EL MOLINILLO,1,CENTRO
62944,CL,ROSAL,2,12,EL MOLINILLO,1,CENTRO
62972,CL,ROSAL BLANCO,1,9,LA GOLETA,1,CENTRO
62972,CL,ROSAL BLANCO,2,12,LA GOLETA,1,CENTRO
63000,AV,ROSALEDA,1,27,LA GOLETA,1,CENTRO
63000,AV,ROSALEDA,2,26,LA GOLETA,1,CENTRO
63196,CL,ROSARIO,1,7,EL MOLINILLO,1,CENTRO
63196,CL,ROSARIO,2,6,EL MOLINILLO,1,CENTRO
63216,CL,ROSARITO,1,9,LA TRINIDAD,1,CENTRO
63216,CL,ROSARITO,2,10,LA TRINIDAD,1,CENTRO
63336,CL,RUEDA,1,15,EL MOLINILLO,1,CENTRO
63336,CL,RUEDA,2,22,EL MOLINILLO,1,CENTRO
63392,CL,RUIZ BLASER,1,3,LA MALAGUETA,1,CENTRO
63392,CL,RUIZ BLASER,2,10,LA MALAGUETA,1,CENTRO
63497,CL,RUIZ DE LA HERRAN,1,13,EL MOLINILLO,1,CENTRO
63497,CL,RUIZ DE LA HERRAN,2,14,EL MOLINILLO,1,CENTRO
63756,CL,SAGASTA,1,9,CENTRO HISTORICO,1,CENTRO
63756,CL,SAGASTA,2,12,CENTRO HISTORICO,1,CENTRO
63812,CL,SAGUNTO,1,3,CRISTO DE LA EPIDEMIA,1,CENTRO
63812,CL,SAGUNTO,2,4,CRISTO DE LA EPIDEMIA,1,CENTRO
63868,CL,SALAMANCA,1,47,EL MOLINILLO,1,CENTRO
63868,CL,SALAMANCA,2,50,EL MOLINILLO,1,CENTRO
63952,CL,SALCEDO,1,1,CAMPOS ELISEOS,1,CENTRO
63952,CL,SALCEDO,2,2,CAMPOS ELISEOS,1,CENTRO
64015,CL,SALESIANOS,1,5,SEGALERVA,1,CENTRO
64015,CL,SALESIANOS,2,10,SEGALERVA,1,CENTRO
64064,CL,SALINAS,1,11,CENTRO HISTORICO,1,CENTRO
64064,CL,SALINAS,2,14,CENTRO HISTORICO,1,CENTRO
64092,CL,SALITRE,1,55,PLAZA DE TOROS VIEJA,1,CENTRO
64092,CL,SALITRE,2,42,PERCHEL SUR,1,CENTRO
64102,CL,SALOMON,1,3,EL MOLINILLO,1,CENTRO
64102,CL,SALOMON,2,10,EL MOLINILLO,1,CENTRO
64316,PSO,SALVADOR RUEDA,1,53,MONTE SANCHA,1,CENTRO
64316,PSO,SALVADOR RUEDA,55,71,VENTAJA ALTA,1,CENTRO
64372,CL,SALVAGO,1,3,CENTRO HISTORICO,1,CENTRO
64372,CL,SALVAGO,2,6,CENTRO HISTORICO,1,CENTRO
64456,CL,SAN AGUSTIN,1,23,CENTRO HISTORICO,1,CENTRO
64456,CL,SAN AGUSTIN,2,14,CENTRO HISTORICO,1,CENTRO
64568,CL,SAN ANDRES,1,39,PLAZA DE TOROS VIEJA,1,CENTRO
64568,CL,SAN ANDRES,2,52,PLAZA DE TOROS VIEJA,1,CENTRO
64708,CL,SAN BARTOLOME,1,17,EL MOLINILLO,1,CENTRO
64708,CL,SAN BARTOLOME,2,24,EL MOLINILLO,1,CENTRO
64764,CL,SAN BERNARDO EL VIEJO,1,3,CENTRO HISTORICO,1,CENTRO
64764,CL,SAN BERNARDO EL VIEJO,2,4,CENTRO HISTORICO,1,CENTRO
64848,CL,SAN CAYETANO,1,9,LAGUNILLAS,1,CENTRO
64848,CL,SAN CAYETANO,2,14,LAGUNILLAS,1,CENTRO
64876,CL,SAN CIRIACO,2,8,SEGALERVA,1,CENTRO
64904,CL,SAN CRISTOBAL,1,5,EL MOLINILLO,1,CENTRO
64904,CL,SAN CRISTOBAL,2,8,EL MOLINILLO,1,CENTRO
64911,PJE,SAN CRISTOBAL,1,3,CONDE DE URE�A,1,CENTRO
64911,PJE,SAN CRISTOBAL,2,4,CONDE DE URE�A,1,CENTRO
64932,SBDA,SAN CRISTOBAL,1,25,CONDE DE URE�A,1,CENTRO
64932,SBDA,SAN CRISTOBAL,27,35,LA MANIA,1,CENTRO
64932,SBDA,SAN CRISTOBAL,2,28,CONDE DE URE�A,1,CENTRO
65128,CL,SAN FELIPE NERI,1,1,EL MOLINILLO,1,CENTRO
65128,CL,SAN FELIPE NERI,2,6,EL MOLINILLO,1,CENTRO
65156,CL,SAN FELIX CANTALICIO,1,17,CAPUCHINOS,1,CENTRO
65156,CL,SAN FELIX CANTALICIO,2,38,CAPUCHINOS,1,CENTRO
65212,PJE,SAN FERNANDO,1,1,PLAZA DE TOROS VIEJA,1,CENTRO
65212,PJE,SAN FERNANDO,3,5,PERCHEL SUR,1,CENTRO
65212,PJE,SAN FERNANDO,2,2,PLAZA DE TOROS VIEJA,1,CENTRO
65212,PJE,SAN FERNANDO,4,6,PERCHEL SUR,1,CENTRO
65296,PL,SAN FRANCISCO,1,11,LA GOLETA,1,CENTRO
65296,PL,SAN FRANCISCO,2,10,LA GOLETA,1,CENTRO
65324,CL,SAN FRANCISCO DE ASIS,1,3,EL MOLINILLO,1,CENTRO
65324,CL,SAN FRANCISCO DE ASIS,2,10,EL MOLINILLO,1,CENTRO
65380,PL,SAN IGNACIO,1,5,CENTRO HISTORICO,1,CENTRO
65380,PL,SAN IGNACIO,2,4,CENTRO HISTORICO,1,CENTRO
65464,CL,SAN JACINTO,1,7,PERCHEL NORTE,1,CENTRO
65464,CL,SAN JACINTO,2,6,PERCHEL NORTE,1,CENTRO
65548,CL,SAN JORGE,1,31,EL MOLINILLO,1,CENTRO
65548,CL,SAN JORGE,2,22,EL MOLINILLO,1,CENTRO
65576,CL,SAN JOSE,1,5,CENTRO HISTORICO,1,CENTRO
65576,CL,SAN JOSE,2,12,CENTRO HISTORICO,1,CENTRO
65604,CL,SAN JUAN,1,35,CENTRO HISTORICO,1,CENTRO
65604,CL,SAN JUAN,2,42,CENTRO HISTORICO,1,CENTRO
65632,CL,SAN JUAN BOSCO,1,75,SEGALERVA,1,CENTRO
65632,CL,SAN JUAN BOSCO,2,94,SAN MIGUEL,1,CENTRO
65660,CL,SAN JUAN DE DIOS,1,1,CENTRO HISTORICO,1,CENTRO
65660,CL,SAN JUAN DE DIOS,2,2,CENTRO HISTORICO,1,CENTRO
65646,PZLA,SAN JUAN DE DIOS,1,3,CENTRO HISTORICO,1,CENTRO
65646,PZLA,SAN JUAN DE DIOS,2,2,CENTRO HISTORICO,1,CENTRO
65688,CL,SAN JUAN DE LETRAN,1,23,LA MERCED,1,CENTRO
65688,CL,SAN JUAN DE LETRAN,2,14,LA MERCED,1,CENTRO
65716,CL,SAN JUAN DE LOS REYES,1,3,CENTRO HISTORICO,1,CENTRO
65716,CL,SAN JUAN DE LOS REYES,2,2,CENTRO HISTORICO,1,CENTRO
65744,CL,SAN JULIAN,1,1,CENTRO HISTORICO,1,CENTRO
65744,CL,SAN JULIAN,2,2,CENTRO HISTORICO,1,CENTRO
65800,CL,SAN LAZARO,1,3,BARCENILLAS,1,CENTRO
65800,CL,SAN LAZARO,2,4,BARCENILLAS,1,CENTRO
65800,CL,SAN LAZARO,6,8,LA VICTORIA,1,CENTRO
65856,CL,SAN LORENZO,1,33,ENSANCHE CENTRO,1,CENTRO
65856,CL,SAN LORENZO,2,20,ENSANCHE CENTRO,1,CENTRO
66009,PL,SAN MARCELINO CHAMPAGNAT,1,1,CRISTO DE LA EPIDEMIA,1,CENTRO
66009,PL,SAN MARCELINO CHAMPAGNAT,2,2,CRISTO DE LA EPIDEMIA,1,CENTRO
11995,PQUE,SAN MIGUEL,1,1,SAN MIGUEL,1,CENTRO
11995,PQUE,SAN MIGUEL,2,2,SAN MIGUEL,1,CENTRO
66164,CL,SAN MILLAN,1,27,EL EJIDO,1,CENTRO
66164,CL,SAN MILLAN,2,16,EL EJIDO,1,CENTRO
66220,CL,SAN NICOLAS,1,35,LA MALAGUETA,1,CENTRO
66220,CL,SAN NICOLAS,2,26,LA MALAGUETA,1,CENTRO
66248,CL,SAN PABLO,1,9,LA TRINIDAD,1,CENTRO
66248,CL,SAN PABLO,2,2,LA TRINIDAD,1,CENTRO
66237,PL,SAN PABLO,1,7,LA TRINIDAD,1,CENTRO
66237,PL,SAN PABLO,2,6,LA TRINIDAD,1,CENTRO
66304,CL,SAN PATRICIO,1,9,CRISTO DE LA EPIDEMIA,1,CENTRO
66304,CL,SAN PATRICIO,2,12,CRISTO DE LA EPIDEMIA,1,CENTRO
66360,PL,SAN PEDRO ALCANTARA,1,5,CENTRO HISTORICO,1,CENTRO
66360,PL,SAN PEDRO ALCANTARA,2,4,CENTRO HISTORICO,1,CENTRO
17472,CL,SAN QUINTIN,1,67,LA TRINIDAD,1,CENTRO
17472,CL,SAN QUINTIN,2,58,LA TRINIDAD,1,CENTRO
66500,CL,SAN RAFAEL,1,15,LA GOLETA,1,CENTRO
66500,CL,SAN RAFAEL,2,22,LA GOLETA,1,CENTRO
66668,CL,SAN TELMO,1,11,CENTRO HISTORICO,1,CENTRO
66668,CL,SAN TELMO,2,20,CENTRO HISTORICO,1,CENTRO
66808,CJON,SANATORIO DEL,1,11,SEGALERVA,1,CENTRO
66808,CJON,SANATORIO DEL,2,6,SEGALERVA,1,CENTRO
66864,PSO,SANCHA,1,61,MONTE SANCHA,1,CENTRO
66864,PSO,SANCHA,2,54,LA CALETA,1,CENTRO
66892,CL,SANCHA DE LARA,1,13,CENTRO HISTORICO,1,CENTRO
66892,CL,SANCHA DE LARA,2,8,CENTRO HISTORICO,1,CENTRO
66948,CL,SANCHEZ PASTOR,1,9,CENTRO HISTORICO,1,CENTRO
66948,CL,SANCHEZ PASTOR,2,12,CENTRO HISTORICO,1,CENTRO
67200,CL,SANTA CRISTINA,1,9,LA CALETA,1,CENTRO
67200,CL,SANTA CRISTINA,2,12,LA CALETA,1,CENTRO
67228,CL,SANTA CRUZ,1,9,EL MOLINILLO,1,CENTRO
67228,CL,SANTA CRUZ,2,4,EL MOLINILLO,1,CENTRO
67424,PLLO,SANTA ISABEL,1,15,CENTRO HISTORICO,1,CENTRO
67424,PLLO,SANTA ISABEL,2,16,CENTRO HISTORICO,1,CENTRO
67494,CL,SANTA LEOCADIA,1,3,CAPUCHINOS,1,CENTRO
67494,CL,SANTA LEOCADIA,2,2,CAPUCHINOS,1,CENTRO
67508,CL,SANTA LUCIA,1,13,CENTRO HISTORICO,1,CENTRO
67508,CL,SANTA LUCIA,2,14,CENTRO HISTORICO,1,CENTRO
67536,CL,SANTA MARIA,1,33,CENTRO HISTORICO,1,CENTRO
67536,CL,SANTA MARIA,2,22,CENTRO HISTORICO,1,CENTRO
67522,PL,SANTA MARIA,1,9,LA VICTORIA,1,CENTRO
67522,PL,SANTA MARIA,2,10,LA VICTORIA,1,CENTRO
67564,CL,SANTA MARIA MICAELA,1,11,OLLETAS,1,CENTRO
67564,CL,SANTA MARIA MICAELA,2,10,EL EJIDO,1,CENTRO
67564,CL,SANTA MARIA MICAELA,12,18,CRISTO DE LA EPIDEMIA,1,CENTRO
67956,CL,SANTIAGO,1,3,CENTRO HISTORICO,1,CENTRO
67956,CL,SANTIAGO,2,8,CENTRO HISTORICO,1,CENTRO
21453,PZLA,SANTISIMO CRISTO DE LA SANGRE,1,3,SAN FELIPE NERI,1,CENTRO
21453,PZLA,SANTISIMO CRISTO DE LA SANGRE,2,4,SAN FELIPE NERI,1,CENTRO
68068,PLLO,SANTO DOMINGO,1,5,PERCHEL NORTE,1,CENTRO
68068,PLLO,SANTO DOMINGO,2,6,PERCHEL NORTE,1,CENTRO
68096,CL,SANTOS,1,9,CENTRO HISTORICO,1,CENTRO
68096,CL,SANTOS,2,8,CENTRO HISTORICO,1,CENTRO
68152,PL,SANTUARIO,1,1,CRISTO DE LA EPIDEMIA,1,CENTRO
68152,PL,SANTUARIO,2,2,CRISTO DE LA EPIDEMIA,1,CENTRO
68236,CL,SARGENTO,1,13,SAN FELIPE NERI,1,CENTRO
68236,CL,SARGENTO,2,8,SAN FELIPE NERI,1,CENTRO
68404,CL,SEBASTIAN SOUVIRON,1,15,CENTRO HISTORICO,1,CENTRO
68404,CL,SEBASTIAN SOUVIRON,2,24,CENTRO HISTORICO,1,CENTRO
68586,CL,SEFONIAS,1,7,CAMPOS ELISEOS,1,CENTRO
68586,CL,SEFONIAS,2,4,CAMPOS ELISEOS,1,CENTRO
68684,CL,SEGURA,1,5,PERCHEL NORTE,1,CENTRO
68684,CL,SEGURA,2,4,PERCHEL NORTE,1,CENTRO
68768,CL,SEMINARIO,1,5,CONDE DE URE�A,1,CENTRO
68768,CL,SEMINARIO,2,2,CONDE DE URE�A,1,CENTRO
68778,CL,SENADOR FRANCISCO ROMAN,1,5,PERCHEL SUR,1,CENTRO
68778,CL,SENADOR FRANCISCO ROMAN,2,4,PERCHEL SUR,1,CENTRO
68908,CL,SERNA LA,1,7,PERCHEL SUR,1,CENTRO
68908,CL,SERNA LA,2,12,PERCHEL SUR,1,CENTRO
69132,CL,SEVILLA,1,37,LA TRINIDAD,1,CENTRO
69132,CL,SEVILLA,2,40,LA TRINIDAD,1,CENTRO
44016,CL,SIERRA DE ARACENA,1,5,LA GOLETA,1,CENTRO
44016,CL,SIERRA DE ARACENA,2,8,LA GOLETA,1,CENTRO
69622,PL,SIGLO,1,3,CENTRO HISTORICO,1,CENTRO
69622,PL,SIGLO,2,2,CENTRO HISTORICO,1,CENTRO
69720,CL,SIMONET,1,3,ENSANCHE CENTRO,1,CENTRO
69720,CL,SIMONET,2,4,ENSANCHE CENTRO,1,CENTRO
69860,CL,SOLANO DE LUQUE,1,1,EL EJIDO,1,CENTRO
69860,CL,SOLANO DE LUQUE,2,4,EL EJIDO,1,CENTRO
69916,CL,SOLIMAN,1,3,CENTRO HISTORICO,1,CENTRO
69916,CL,SOLIMAN,2,8,CENTRO HISTORICO,1,CENTRO
70056,CL,SOMERA,1,13,ENSANCHE CENTRO,1,CENTRO
70056,CL,SOMERA,2,14,ENSANCHE CENTRO,1,CENTRO
70196,CL,SOTOMAYOR,1,25,SEGALERVA,1,CENTRO
70196,CL,SOTOMAYOR,2,14,SEGALERVA,1,CENTRO
70252,CL,STRACHAN,1,13,CENTRO HISTORICO,1,CENTRO
70252,CL,STRACHAN,2,16,CENTRO HISTORICO,1,CENTRO
21527,CRIL,SUBIDA GIBRALFARO,1,1,MONTE DE GIBRALFARO,1,CENTRO
21527,CRIL,SUBIDA GIBRALFARO,2,2,MONTE DE GIBRALFARO,1,CENTRO
70574,CL,TALAVERA,1,3,ENSANCHE CENTRO,1,CENTRO
70574,CL,TALAVERA,2,4,ENSANCHE CENTRO,1,CENTRO
70700,PJE,TAPIALES,1,7,CONDE DE URE�A,1,CENTRO
70700,PJE,TAPIALES,2,8,CONDE DE URE�A,1,CENTRO
70784,PL,TEATRO,1,7,CENTRO HISTORICO,1,CENTRO
70784,PL,TEATRO,2,8,CENTRO HISTORICO,1,CENTRO
70924,CL,TEJEROS,1,9,CRISTO DE LA EPIDEMIA,1,CENTRO
70924,CL,TEJEROS,11,17,EL EJIDO,1,CENTRO
70924,CL,TEJEROS,2,8,CRISTO DE LA EPIDEMIA,1,CENTRO
70952,CL,TEJIDOS,1,9,CAPUCHINOS,1,CENTRO
70952,CL,TEJIDOS,2,4,CAPUCHINOS,1,CENTRO
70980,CL,TEJON Y RODRIGUEZ,1,11,CENTRO HISTORICO,1,CENTRO
70980,CL,TEJON Y RODRIGUEZ,2,6,CENTRO HISTORICO,1,CENTRO
71120,CL,TENIENTE SEGALERVA RUIZ,1,27,CAPUCHINOS,1,CENTRO
71120,CL,TENIENTE SEGALERVA RUIZ,2,26,CAPUCHINOS,1,CENTRO
71428,CL,TIRO,1,25,LA TRINIDAD,1,CENTRO
71428,CL,TIRO,2,18,LA TRINIDAD,1,CENTRO
71484,CL,TIRSO DE MOLINA,1,19,EL MOLINILLO,1,CENTRO
71484,CL,TIRSO DE MOLINA,2,14,EL MOLINILLO,1,CENTRO
71512,CL,TIZO,1,11,EL MOLINILLO,1,CENTRO
71512,CL,TIZO,2,10,EL MOLINILLO,1,CENTRO
71652,CL,TOMAS DE COZAR,1,35,CENTRO HISTORICO,1,CENTRO
71652,CL,TOMAS DE COZAR,2,20,CENTRO HISTORICO,1,CENTRO
71680,CL,TOMAS HEREDIA,1,25,ENSANCHE CENTRO,1,CENTRO
71680,CL,TOMAS HEREDIA,2,26,ENSANCHE CENTRO,1,CENTRO
71820,CL,TOPETE,1,5,LA MALAGUETA,1,CENTRO
71820,CL,TOPETE,2,4,LA MALAGUETA,1,CENTRO
71848,CL,TOQUERO,1,45,OLLETAS,1,CENTRO
71848,CL,TOQUERO,2,20,OLLETAS,1,CENTRO
71960,CL,TORRE DE SANDOVAL,1,3,CENTRO HISTORICO,1,CENTRO
71960,CL,TORRE DE SANDOVAL,2,2,CENTRO HISTORICO,1,CENTRO
72072,CL,TORREGORDA,1,5,CENTRO HISTORICO,1,CENTRO
72072,CL,TORREGORDA,2,4,CENTRO HISTORICO,1,CENTRO
72156,PJE,TORRES,1,9,LA TRINIDAD,1,CENTRO
72156,PJE,TORRES,2,6,LA TRINIDAD,1,CENTRO
72472,CL,TRAVESIA DE MONTE SANCHA,1,9,MONTE SANCHA,1,CENTRO
72472,CL,TRAVESIA DE MONTE SANCHA,2,10,MONTE SANCHA,1,CENTRO
72492,CL,TREBOLES,1,1,SANTA AMALIA,1,CENTRO
72492,CL,TREBOLES,2,20,SANTA AMALIA,1,CENTRO
72618,PJE,TRIGUEROS,1,1,CRISTO DE LA EPIDEMIA,1,CENTRO
72618,PJE,TRIGUEROS,2,2,CRISTO DE LA EPIDEMIA,1,CENTRO
72632,CL,TRINIDAD,1,99,LA TRINIDAD,1,CENTRO
72632,CL,TRINIDAD,2,106,LA TRINIDAD,1,CENTRO
72660,CL,TRINIDAD GRUND,1,39,ENSANCHE CENTRO,1,CENTRO
72660,CL,TRINIDAD GRUND,2,42,ENSANCHE CENTRO,1,CENTRO
72828,CL,TROPEZON,1,11,SIERRA BLANQUILLA,1,CENTRO
72828,CL,TROPEZON,2,20,SIERRA BLANQUILLA,1,CENTRO
72842,PJE,TROPEZON,1,11,SIERRA BLANQUILLA,1,CENTRO
72842,PJE,TROPEZON,2,18,SIERRA BLANQUILLA,1,CENTRO
72954,CL,TUNEL DE LA ALCAZABA,1,1,LA VICTORIA,1,CENTRO
72954,CL,TUNEL DE LA ALCAZABA,2,2,CENTRO HISTORICO,1,CENTRO
73080,CL,ULISES,1,11,CONDE DE URE�A,1,CENTRO
73080,CL,ULISES,2,12,CONDE DE URE�A,1,CENTRO
73108,PL,UNCIBAY,1,9,CENTRO HISTORICO,1,CENTRO
73108,PL,UNCIBAY,2,8,CENTRO HISTORICO,1,CENTRO
73304,PJE,VALENCIA,1,7,ENSANCHE CENTRO,1,CENTRO
73304,PJE,VALENCIA,2,8,ENSANCHE CENTRO,1,CENTRO
73612,CL,VARELA,1,33,SAN MIGUEL,1,CENTRO
73612,CL,VARELA,2,34,SAN MIGUEL,1,CENTRO
73668,CL,VASCO DE GAMA,1,15,SEGALERVA,1,CENTRO
73668,CL,VASCO DE GAMA,2,14,SEGALERVA,1,CENTRO
73948,CL,VELEZ MALAGA,1,15,LA MALAGUETA,1,CENTRO
73948,CL,VELEZ MALAGA,2,12,LA MALAGUETA,1,CENTRO
73976,CL,VENDEJA,1,31,ENSANCHE CENTRO,1,CENTRO
73976,CL,VENDEJA,2,42,ENSANCHE CENTRO,1,CENTRO
74116,CL,VENTAJA ALTA,1,19,VENTAJA ALTA,1,CENTRO
74116,CL,VENTAJA ALTA,21,21,MONTE SANCHA,1,CENTRO
74116,CL,VENTAJA ALTA,2,44,VENTAJA ALTA,1,CENTRO
74116,CL,VENTAJA ALTA,46,46,MONTE SANCHA,1,CENTRO
74144,CL,VENTAJA CORTA,1,13,VENTAJA ALTA,1,CENTRO
74144,CL,VENTAJA CORTA,2,12,VENTAJA ALTA,1,CENTRO
74172,CL,VENTAJILLA,1,7,VENTAJA ALTA,1,CENTRO
74172,CL,VENTAJILLA,2,6,VENTAJA ALTA,1,CENTRO
74256,CL,VENTURA RODRIGUEZ,1,53,LA TRINIDAD,1,CENTRO
74256,CL,VENTURA RODRIGUEZ,2,54,LA TRINIDAD,1,CENTRO
74536,CL,VICENTE GOMEZ DE CADIZ,1,27,CAPUCHINOS,1,CENTRO
74536,CL,VICENTE GOMEZ DE CADIZ,2,34,CAPUCHINOS,1,CENTRO
74592,CL,VICTORIA,1,5,LA MERCED,1,CENTRO
74592,CL,VICTORIA,7,89,LA VICTORIA,1,CENTRO
74592,CL,VICTORIA,2,112,LA VICTORIA,1,CENTRO
74620,PL,VICTORIA,1,5,LA VICTORIA,1,CENTRO
74620,PL,VICTORIA,7,7,LAGUNILLAS,1,CENTRO
74620,PL,VICTORIA,9,17,CRISTO DE LA EPIDEMIA,1,CENTRO
74620,PL,VICTORIA,19,19,LA VICTORIA,1,CENTRO
74620,PL,VICTORIA,2,4,LA VICTORIA,1,CENTRO
74620,PL,VICTORIA,6,8,LAGUNILLAS,1,CENTRO
74620,PL,VICTORIA,10,18,CRISTO DE LA EPIDEMIA,1,CENTRO
74620,PL,VICTORIA,20,20,LA VICTORIA,1,CENTRO
74760,CL,VIENTO,1,17,LA GOLETA,1,CENTRO
74760,CL,VIENTO,2,18,LA GOLETA,1,CENTRO
74823,CL,VILLAESCUSA,1,1,CENTRO HISTORICO,1,CENTRO
74823,CL,VILLAESCUSA,2,2,CENTRO HISTORICO,1,CENTRO
74830,CL,VILLAMEJOR,1,3,CAMPOS ELISEOS,1,CENTRO
74830,CL,VILLAMEJOR,2,4,CAMPOS ELISEOS,1,CENTRO
75068,CJON,VILLAZO,1,1,LA TRINIDAD,1,CENTRO
75068,CJON,VILLAZO,2,2,LA TRINIDAD,1,CENTRO
75117,PL,VI�EROS DE LOS,1,5,LA GOLETA,1,CENTRO
75117,PL,VI�EROS DE LOS,2,4,LA GOLETA,1,CENTRO
75376,CL,VIRGEN DE GRACIA,1,9,CAPUCHINOS,1,CENTRO
75376,CL,VIRGEN DE GRACIA,2,14,CAPUCHINOS,1,CENTRO
75462,PZLA,VIRGEN DE LA CONCEPCION,1,1,PERCHEL NORTE,1,CENTRO
75462,PZLA,VIRGEN DE LA CONCEPCION,2,2,PERCHEL NORTE,1,CENTRO
21443,PZLA,VIRGEN DE LAS PENAS,1,5,CENTRO HISTORICO,1,CENTRO
21443,PZLA,VIRGEN DE LAS PENAS,2,6,CENTRO HISTORICO,1,CENTRO
21706,PJE,VIRGEN DEL AUXILIO,1,1,SEGALERVA,1,CENTRO
21706,PJE,VIRGEN DEL AUXILIO,2,2,SEGALERVA,1,CENTRO
76440,CL,VIRIATO,1,15,SAN MIGUEL,1,CENTRO
76440,CL,VIRIATO,2,46,SAN MIGUEL,1,CENTRO
76720,CL,VITAL AZA,1,21,LAGUNILLAS,1,CENTRO
76720,CL,VITAL AZA,2,10,LAGUNILLAS,1,CENTRO
76720,CL,VITAL AZA,12,22,LA VICTORIA,1,CENTRO
76874,CL,WAD RAS,1,1,LA GOLETA,1,CENTRO
76874,CL,WAD RAS,2,4,LA GOLETA,1,CENTRO
76916,CL,YEDRA,1,7,LA TRINIDAD,1,CENTRO
76916,CL,YEDRA,2,24,LA TRINIDAD,1,CENTRO
77056,CL,ZAMARRILLA,1,33,MARMOLES,1,CENTRO
77056,CL,ZAMARRILLA,2,12,MARMOLES,1,CENTRO
4200,PL,ZAMARRILLA,1,1,MARMOLES,1,CENTRO
4200,PL,ZAMARRILLA,2,2,MARMOLES,1,CENTRO
77084,PJE,ZAMBRANA,1,11,LA TRINIDAD,1,CENTRO
77084,PJE,ZAMBRANA,2,12,LA TRINIDAD,1,CENTRO
77112,CL,ZAMORANO,1,69,LA TRINIDAD,1,CENTRO
77112,CL,ZAMORANO,2,70,LA TRINIDAD,1,CENTRO
77168,CL,ZANCA,1,9,LAGUNILLAS,1,CENTRO
77168,CL,ZANCA,2,10,LAGUNILLAS,1,CENTRO
77252,CL,ZAPATEROS,1,3,CENTRO HISTORICO,1,CENTRO
77252,CL,ZAPATEROS,2,4,CENTRO HISTORICO,1,CENTRO
77280,CL,ZARAGOZA,1,9,EL EJIDO,1,CENTRO
77280,CL,ZARAGOZA,2,8,EL EJIDO,1,CENTRO
77336,CL,ZEGRI,1,1,CENTRO HISTORICO,1,CENTRO
77336,CL,ZEGRI,2,6,CENTRO HISTORICO,1,CENTRO
77364,CL,ZENETE,1,7,CRISTO DE LA EPIDEMIA,1,CENTRO
77364,CL,ZENETE,2,10,CRISTO DE LA EPIDEMIA,1,CENTRO
77588,CL,ZURBARAN,1,25,SAN MIGUEL,1,CENTRO
77588,CL,ZURBARAN,2,32,OLLETAS,1,CENTRO
77644,CL,ZURRADORES,1,7,PERCHEL NORTE,1,CENTRO
77644,CL,ZURRADORES,2,6,PERCHEL NORTE,1,CENTRO
